tweet,time,score
#PIXNow: THIS JUST IN-  A #norovirus outbreak is sweeping through a #CampFire evacuation center ,2018-11-14 23:59:58,
MODIS image shows extensive smoke over #NorCal from the #CampFire. Air quality this afternoon is in the unhealthy to very unhealthy categories for many locations. Spare the Air Alert continues.  #BayArea #CAwx #CAfire ,2018-11-14 23:59:55,
Updated: Who are the Camp Fire missing? Death toll increases again as answers come slowly about the 100 people reported to sheriff‚Äôs office ,2018-11-14 23:59:53,
FEMA has shared that individuals and business owners who sustained losses due to the #WoolseyFire can begin applying for assistance by registering online at  or by calling 1-800-621- 3362 This includes those affected in #Calabasas,2018-11-14 23:59:50,
How you can help victims of the Camp Fire ,2018-11-14 23:59:41,
‚ÄúWe‚Äôre on the edge‚Äù of a humanitarian crisis in the aftermath of the #CampFire.  ,2018-11-14 23:59:24,
"My colleague, @EricHolst, on how collaborative solutions ‚Äì not myths ‚Äì will help protect lives and properties: ",2018-11-14 23:59:22,
@1WordN2Heaven @lizziejohnsonnn It's called #campfire because of the street the fire started on. high winds and a downed power pole caused the fire,2018-11-14 23:59:15,
"‚Å¶@CaltransD2‚Å© Tree Crew working on SR 70 today in eastern Butte County, removing hazard trees from the #CampFire‚Å¶@CaltransHQ‚Å© ",2018-11-14 23:59:13,
Still missing owner still looking #campfire ,2018-11-14 23:59:12,
Where is the ‚Å¶@RedCross‚Å© ?? They love to raise money‚Äîisn‚Äôt it time they spent some???#campfireparadise#campfire#CampFireSurvivorsRefugee camps for fire survivors: California town ‚Äòon the edge‚Äô of humanitarian crisis - The Sacramento Bee ,2018-11-14 23:59:06,
#Insurance Commissioner @CA_DaveJones going live with @KTVU to discuss his actions to help #California #wildfire survivors. Tune in at 4pm! #CampFire #WoolseyFire #HillFire More info at  ,2018-11-14 23:59:06,
LA News How to Help Southern California Fire Victims  ,2018-11-14 23:59:05,
Offshore winds sent the levels of unhealthy air blanketed over the Bay Area from the Camp Fire soaring over 200 AQI readings in many cities Wednesday afternoon. ,2018-11-14 23:59:02,
@JerryBrownGov legacy? #WoolseyFire 51 dead and counting. #ForestManagement @forestservice @realDonaldTrump @SecretaryZinke,2018-11-14 23:59:01,
Yesterday was a rough day. Shock is wearing off &amp; reality is setting in. My mind &amp; heart are tired. I love you Butte County. Stay strong. üíõ#CampFire,2018-11-14 23:58:56,1.0
"More than 100 are missing in California's Camp Fire, sheriff's office says - ",2018-11-14 23:58:50,
C.O. ranch owner saves horses from S. California fire - KTVZ ,2018-11-14 23:58:44,
Horse found 'shivering uncontrollably' after surviving Camp Fire in backyard pool  via @cbs6,2018-11-14 23:58:43,
Grim news from the Camp Fire: Death toll increases again as answers come slowly about the 100 people reported to sheriff‚Äôs office ,2018-11-14 23:58:40,
My community is on fire. Much of California is on fire.Heres my new video explaining the #campfire to the best of my ability. Pray for California. Send love. Let's beat these fires.#campfireparadise #CaliforniaFires #WoolseyFire #CaliforniaWildfires   ,2018-11-14 23:58:39,
"Ahead of a local visit on Thursday, Interior Secretary Ryan Zinke goes to Northern California, speaking alongside Gov. Jerry Brown and calling the Camp Fire ""the worst fire I've ever seen"" and urging a focus on recovery efforts.   ",2018-11-14 23:58:35,
"Who or what is to blame for CA‚Äôs deadly wildfires? Instead of pointing fingers, we need resilient solutions, fast.  via @USAtoday",2018-11-14 23:58:31,
50 dead. Damn that‚Äôs terrible #campfire,2018-11-14 23:58:19,
Her father ran back into the house during the Camp fire. Then she watched it burn to the ground. ,2018-11-14 23:58:16,
"When Guy Fieri shows up, you know the disaster is serious - my life in the Camp Fire ",2018-11-14 23:57:59,
"Famous recording studio, where A-list celebs like @Beyonce have recorded, still stands after #WoolseyFire destroyed nearby homes  ",2018-11-14 23:57:29,
One of the most thorough guides to protecting yourself and family from #wildfire smoke ‚Äî and note the photos below. The one on the left is what we‚Äôre dealing with in #Berkeley / #SFBayArea: #CaliforniaWildfires #CampFire #WoolseyFire #Asthma #BreathingProblems #SpareTheAir ,2018-11-14 23:57:29,
"Donating used clothes to wildfire relief causes is a good way to clean out your closets, but it creates more issues for first responders and volunteer relief organizers.Instead, the best thing to donate is cash.  #CampFire ",2018-11-14 23:57:23,
"Day 7 of the #WoolseyFire &amp; so many have lost so much. Help 4 Heroes is teaming up w/Frontline Fitness to collect donations for those affected! Remember to use caution when donating, ensure you are donating only to reputable organizations!#LASD #AV411 ",2018-11-14 23:57:17,
Air so bad they cancelled all classes here in Sacramento. #CampFire #LosRios ,2018-11-14 23:57:13,
Her father ran back into the house during the Camp fire. Then she watched it burn to the ground ,2018-11-14 23:57:07,
"‚Å¶@CaltransD2‚Å© Tree Crew working on SR 70 today, removing hazardous trees from the #CampFire ",2018-11-14 23:57:06,
"Varsity Football: Amid smoke problems from the #CampFire, No. 8 seed American Canyon is ready to finally play No. 1 Rancho Cotate in a NCS playoff quarterfinal ",2018-11-14 23:57:05,
"Are you in Oregon? @OregonAdventist is collecting a special offering this week, 100% to help. #CampFire ",2018-11-14 23:57:03,
The Silicon Valley Humane Society has become a tour de force in taking in animals from the Camp Fire zones. ,2018-11-14 23:57:03,
Lawsuit filed against PG&amp;E over the Camp fire.,2018-11-14 23:57:01,
Thank you to the manager @MimisCafe for feeding me.  After escaping the #campfire with my life I am so grateful to caring people like you.  It's the simple gestures that mean so much right now.,2018-11-14 23:56:58,
Butte County IHSS Providers &amp; Clients Affected by #CampFire: here's info about paychecks &amp; timesheets and additional resources. Please don‚Äôt hesitate to call our Chico office at 530-894-2702. ,2018-11-14 23:56:55,
"Lady Gaga surprises California wildfire evacuees with pizza, gift cards ",2018-11-14 23:56:50,
@JeffreeStar And I only say this for the fire in butte county and not down in calabassas because I live an hour away from where the camp fire is happening. It‚Äôs easier for me to get food up there than down to LA,2018-11-14 23:56:44,
How to Help Southern California Fire Victims ,2018-11-14 23:56:36,
LINK BELOW TO #CampFire MISSING PEOPLE AND PETS GROUP ON @facebook üîΩ #CampFirePets #CampFireJamesWoods #Chico #ChicoCA #ParadiseFire #CaliforniaFires ,2018-11-14 23:56:36,
"All the happiness is bursting out of every atom that makes me who I am! This always happens when I spend this much time out in the woods, climbing mountains, sleeping under the stars and smelling like a camp fire. I am in love with the fresh morning air on mountain tops!",2018-11-14 23:56:34,
"Join me in supporting #WildcatsRise to ensure Chico State faculty,  staff, and students directly impacted by the devastating Camp Fire have  the resources they need. ",2018-11-14 23:56:28,
Indoor air quality at my office was so poor the big boss shut down the building. First time ever for me in nearly 18 years. #CampFire,2018-11-14 23:56:26,
Stay strong #california #firevictims #firefighters #buttecounty #californiafires #norcal #socal #woosleyfire #californiawildfires #airquality #campfire #nursefire #oroville #sacramento‚Ä¶ ,2018-11-14 23:56:24,
@FadeMartins @MagicMarkee I legit sometimes just sit by camp fire and just mesmerize the view with my horse. It‚Äôs kinda scary how detailed everything is.,2018-11-14 23:56:08,
"LA Co. Sheriff's say a body was found in a burned out home, the 3rd victim of the #WoolseyFire in SoCal. Meanwhile, Gov. Brown toured Paradise, the community that was devastated by the #CampFire in Butte Co. where 48 people died.  @CourthouseNews",2018-11-14 23:56:03,
There is no way this photo was taken recently. Haven't seen sun or blue skies for a few days due to the #CampFire. Might want check your scheduled posts and do some editing. ,2018-11-14 23:56:03,
The camp fire is on the news every morning though.... I watch it at work to get updates ,2018-11-14 23:56:03,
"The Camp fire, the deadliest and most destructive in California history, has now killed 48 people, officials said.  via @HuffPost",2018-11-14 23:55:48,
Death toll from Camp fire in Paradise rises to 48; hundreds still missing ,2018-11-14 23:55:45,
@JerryBrownGov How many days now and still victims of the Camp Fire are in a parking lot!  Do something!,2018-11-14 23:55:37,
"@SenSanders In spite of not being a big Walmart fan, Walmart is hosting thousands of wildfire evacuees from Paradise California from the #campfire wildfire.",2018-11-14 23:55:27,
Look at the smoke guys still about 60 miles from the #campfire ,2018-11-14 23:55:27,
A California woman has taken in a 93-year-old World War II veteran who doesn't know if his home in Paradise is still standing after a deadly wildfire swept through:,2018-11-14 23:55:00,
Feds to Butte County: ‚ÄòYou‚Äôre not going to be able to rebuild Paradise the way it was‚Äô #CampFire #Paradise #CaliforniaWildfires  ,2018-11-14 23:55:00,
PG&amp;E caused the camp fire TOO?!Christ,2018-11-14 23:55:00,
"Community members in Southern #California are rallying around those affected by the #WoolseyFire, offering free services, goods and support.  #CaliforniaFires",2018-11-14 23:54:57,
Thank you @Macys for taking good care of me as I tried to replace necessities I lost in the #campfire and giving me 30% off.,2018-11-14 23:54:50,
"Powerful, moving work on the Camp Fire by what must be many people @sfchronicle. Very grateful to them all for helping us understand what‚Äôs happening and how to help. ",2018-11-14 23:54:50,
Chevron Announces $1 Million for California Fire Relief Efforts ,2018-11-14 23:54:46,
"WE SWITCHED THE CAUSE to THE CAMP FIRE for Thurs Nov 15, Pumpkin-Spice at #JohnsonRanchRacquetClub featuring doTerra Oils with Cassandra Stephens (We still have 8 seats left), come to support our cause, chill out,... ",2018-11-14 23:54:39,
Views from SR 70 in eastern Butte County this afternoon of some #CampFire activity and suppression efforts.  SR 70 remains closed at his time.‚Å¶@CaltransHQ‚Å© ,2018-11-14 23:54:37,
This pic was taken at 3pm with no filter or alteration. This is how hazy and smoky #Sacramento still is as a result of the nearby #CampFire. I've limited my outdoor exposure this past‚Ä¶ ,2018-11-14 23:54:32,
@EpicGames @FortniteGame @Ninja Can we get real life supply drops put together for those affected by the #campfire #Californiawildfires?,2018-11-14 23:54:31,
Nice haul! This is what @theplaningmill in Visalia has collected for those affected by the #CampFire. Other Valley craft beer spots are taking in donations too. @ABC30  ,2018-11-14 23:54:27,
"The search intensified Wednesday for those missing after the #CampFire, which virtually wiped out the town of Paradise. New drone footage of the devastation shows how quickly the fire consumed the town of #Paradise. Home after home was leveled.  #California",2018-11-14 23:54:24,
"My mother and brother were displaced by the #CampFire , their stingy insurance company put them in Corning, an hour away! I motored out to see them and buy them some lunch. ",2018-11-14 23:54:22,
Reduced visibility this afternoon as the #CampFire continues to burn. Make sure to check on sensitive groups! #cawx ,2018-11-14 23:54:15,
Humboldt County fire crews sent to Butte County to help fight Camp Fire ,2018-11-14 23:54:03,
#NEW: This is the property where neighbors tell me 84-year y/o missing person - James Kinner - lived. They‚Äôve been desperately searching for their elderly neighbor who had a hard time breathing and walking. Unfortunately - they have no pics to share. @FOX40 #CampFire #missing ,2018-11-14 23:53:51,
Please consider donating to help fire victims find a place to live. Monies will go directly to people in the shelters who need money for deposits and rent. Camp Fire Housing ,2018-11-14 23:53:50,
"Our Podiatric Medical Mission Association Club is accepting donations of blankets, pillows, toiletries, socks, undergarments, etc. for victims of the Camp Fire now through Nov. 20. Drop off points are available on our Oakland campus. #CampFire ",2018-11-14 23:53:44,
Thank you Devon @BestBuy in Sacramento.  He held my hand through the entire process of replacing my music after the #campfire and he gave me the best discounts he could.  There are still good people  in this world.,2018-11-14 23:53:44,
"We are hundreds of miles away from location The Camp Fire that devastated Paradise and areas of Butte County. Still we are going on day 6 of staying indoors, with a notice from our school‚Ä¶ ",2018-11-14 23:53:38,
"#campfire, rebuild fire proof. #aircrete #hempcrete. South African urine/sand concrete",2018-11-14 23:53:31,
Packing for #NCTE18 - how many times in your life can you say your entire wardrobe fits into one suitcase? üòÇ #campfire ,2018-11-14 23:53:29,0.0
FIRE RELIEF: CBSLA and the Los Angeles Rams have teamed up with United Way of Greater Los Angeles to raise money for Southern California fire victims  #CBSLA #WOOLSEYFIRE #HILLFIREDonate now: ,2018-11-14 23:53:23,
"The #WoolseyFire resulted in more than a 250,000 evacuations across #LosAngeles and #Ventura counties after igniting on Nov. 8, spreading rapidly over the following days and growing to over 97,000 acres.  #CaliforniaFires",2018-11-14 23:53:13,
Looking for a way to help those affected by The Camp Fire? Adventist Health is taking donations for a relief fund. ,2018-11-14 23:53:10,
Shivering horse found waiting out Camp Fire in backyard pool  via @SFGate,2018-11-14 23:53:09,
VERIFIED INFORMATION AND RESOURCES FOR #CampFire üîΩ via @ChaliceGarden #CampFireJamesWoods #CampFirePets #Chico #ChicoCA #ParadiseFire ,2018-11-14 23:53:04,
Afternoon sun over the lower Skyway near Lookout. #campfire ,2018-11-14 23:53:01,
@Alyssa_Milano any news on your home in the #WoolseyFire still praying your home is intact and will be able to return soon,2018-11-14 23:52:59,
"California: If you were impacted by the wildfires, you can register for FEMA assistance by visiting  or calling 1-800-621-3362. Please have the following information available when you register with us. #HillFire #CampFire #WoolseyFire ",2018-11-14 23:52:58,
@ABC Death toll continues to climb with the Woolsey Fire? Fires in California? Or Camp Fire where the death toll is already 48? Please be specific in your headlines.,2018-11-14 23:52:58,
I didn't realize the magnitude of the flames until a neighbor sent this photo of me. How my house is still standing is a true miracle! Thank you #woolseyfire #firefighters for doing an‚Ä¶ ,2018-11-14 23:52:45,
The sky looked like It was on fire tonight on my way home from work and I couldn‚Äôt help but think of all of those in CaliforniaPraying for safety for all. And a huge thank you to all of the Firefighters working tirelessly day after day #JustDonated #YouShouldToo #WoolseyFire ,2018-11-14 23:52:44,
"#CaliforniaFires #CAGov#CampFire #Agenda21 Governor, what do you know about it? @JerryBrownGov and what do you plan to do with the #FederalFunds?üåäWe are with the Patriots of #California. #MAGAFamily‚ù§Ô∏èüá∫üá∏üêò ",2018-11-14 23:52:40,1.0
"Due to the recent California wildfires, the University of California extending its undergraduate application deadline &amp; grant fee waivers to affected students who are applying this fall. More info at  #CampFire #WoosleyFire #CaliforniaWildfires @VenturaCOE",2018-11-14 23:52:39,
Thank you so much Kristina at @TogosSandwiches - when she heard I am a fire victim from #campfire she bought my sandwich for me.  There are still good people in the world.,2018-11-14 23:52:23,
Paradise Residents Speak Out After Deadly Wildfire Ravages California Town: 'We Have Nothing' ,2018-11-14 23:52:16,
Support your #firefighters. Share &amp; donate if you can. ‚ù§Ô∏èüë©üèª‚Äçüöíüë®üèª‚Äçüöí#cdfffbenevolent #calfirelocal2881 #CampFire #WoolseyFire #CALFIREservingCA #wildfire #Paradise #Magalia #Malibu #LA #FirstResponder #FireFamily #NonProfit #ButteCounty #brotherhood ,2018-11-14 23:52:04,0.0
üåëüåöüî•Gone üî•I'll create new Adel and Maurice üåüüåüüåü#fire #burned #malibu #woolseyfire #allois7 ,2018-11-14 23:51:58,1.0
Authorities release names of dozens of people missing after California's deadliest wildfire #campfire  via @CBSNews,2018-11-14 23:51:54,
"Thank you to everyone who is working hard at the @CountyofLA Emergency Operations Center, coordinating the flow of critical information and resources in response to the #WoolseyFire. ",2018-11-14 23:51:41,
"Forty-eight deaths have been reported from the ""Camp Fire,"" mostly in the town of Paradise in the hills of northern California, while three people have died in the ""Woolsey Fire"" just north of Los Angeles  ",2018-11-14 23:51:31,
Pacific Gas &amp; Electric stock price tumbles ahead of lawsuit by California fire victims  #lawsuit,2018-11-14 23:51:31,
Northern California Sheriff Releases List of Missing in Wildfires ,2018-11-14 23:51:25,
"Although #WorldKindnessDay2018 was officially recognized yesterday, we in #SouthCity are blessed that our community practices it every day. #ThankYou to our #SSF residents for supporting our neighbors up north who have been affected by the devastating #CampFire in @CountyofButte. ",2018-11-14 23:51:20,
"31 dead, 228 missing, 7,000 structures burned as California blazes grow - ABC News - ",2018-11-14 23:51:19,
"From the #camp fire up in Paradise, CA.  My dear friend Maritza is there helping out.  People are coming together all over, many have lost everything.  If you can find any way to donate to either Paradise or Malibu and Woolsey fires, Please Please... ",2018-11-14 23:51:16,
Wer trying 2 finish up a project outside before Thanksgiving n this is how we have to liveüò°ü§¨However we r thankful to b able to do such things.We r praying 4 the missing n families affected#campfire #woosleyfires #CaliforniaFires #CALFIRE #FireSafety #CAShouldSuePGE #despicable ,2018-11-14 23:51:16,0.0
"Thanks to everyone who attended last night‚Äôs meeting &amp; watched the live stream. We‚Äôre sorting through the questions we received, working on answers to the questions and will start posting them to  as they become available. #Malibu #WoolseyFire #MalibuStrong ",2018-11-14 23:51:13,
No increase in #radiation levels in #LosAngeles seen by @safecast after the #WoolseyFire in Southern #California burned through part of the Santa Susana Field Laboratory (SSFL) siteThe SSFL site is highly contaminated with radioactive and toxic waste,2018-11-14 23:51:09,
Thank you @kleankanteen for your generous donation to our #CampFire students that are displaced @Rosedale2way @Chico_Unified @BCOEHR #ButteCOE ,2018-11-14 23:51:06,
"Comprehending the 'Wide, Deep' Destruction of the Camp Fire  via @TheTakeaway",2018-11-14 23:50:59,
Camp Fire: Gov. Brown says Trump pledges federal aid in phone call ,2018-11-14 23:50:56,
Perfectly normal if you live on Jupiter. It's gotten worse. #CampFire ,2018-11-14 23:50:55,
@MrHeater @big5since55 @SportsmansW  Can you help? We need propane heaters and camp showers for the elderly and youngin's still out in the cold. It is freezing temps out there right now.  #campfire #campfireparadise ,2018-11-14 23:50:53,
"Due to air quality, all Sacramento cruises have been cancelled for 11/15 &amp; 11/16. We thank all of the brave fire fighters for working tirelessly and are sending our thoughts &amp; sympathy to all the victims and families affected by #CAMPFIRE. To help: ",2018-11-14 23:50:41,
@BCWildfireToday @isthisyourpet  another resource for dogs: Yuba Sutter fairgrounds 442 Franklin Ave Yuba City 530-672-1280. also Butte county fairgrounds in Gridley ,2018-11-14 23:50:25,
"Don't pass all the California expenses on to rest of the nation, IMO. - PG&amp;E could be hurt if liable for Camp Fire @CNN ",2018-11-14 23:50:21,
@SavingL0is @TashaGutierrez1 I CANT BREATH FOR FIRST TIME #campfire,2018-11-14 23:50:11,
MISSING CAT FROM #Magalia on Decatur - MIMI CONTACT @2153DeedleIF YOU KNOW THE WHEREABOUTS OF MIMI.#CampFire #CampFireJamesWoods #CampFirePets @CAFirePets #Chico #ChicoCA ,2018-11-14 23:50:08,
Chillin round the salt lamp like it‚Äôs a camp fire,2018-11-14 23:50:06,
"Found some familiar faces at the #CampFire, a strike team from San Francisco. Telling the stories of their work in Paradise on @KCBSRadio this afternoon. @sffdpio ",2018-11-14 23:50:05,
"""A universal truth of late-stage capitalism is that anytime something big happens, someone's gonna try to extract wealth from those suffering from it. Let's see if we can't throw a wrench in those works."" ",2018-11-14 23:50:03,
"Nurse Posts How His Toyota Looks After He Saves Many Lives From Fire, Toyota Responds ",2018-11-14 23:50:02,
Pacific Gas &amp; Electric stock price tumbles ahead of lawsuit by California fire victims - NBC News ,2018-11-14 23:49:52,
"@elonmusk hey elon, paradise really needs your help right now. come on over and rebuild with us! the devastation and loss is unbearable but you could be our saving grace! #prayerforparadise #campfire",2018-11-14 23:49:47,
@GrantNapearshow Do you know of an organization where monies would go to Camp fire Paradise only?,2018-11-14 23:49:37,
Kepi is a comfort animal here in #Paradise to give support to those who are being informed by Chaplain Robert Duvall that a loved one has been lost in the #CampFire #cbcnews ,2018-11-14 23:49:36,
Help those impacted by #wildfires in California: donate to @vcunitedway @LAUnitedWay @unitedwaynorcal at   #HillFire #WoolseyFire #CampFire ,2018-11-14 23:49:34,
"Chico, Paradise, Butte County XC programs!!! We would like to help you, please have your coaches DM me so we can send our support in whatever form would be most helpful! From PrioryXC üôèüèªüòÑüèÉ#XCrunning #teamsunite #CampFire #Crosscountry",2018-11-14 23:49:28,1.0
Northern California Fire Victims Are Suing The Power Company ,2018-11-14 23:49:25,
On-the-ground snapshots from California‚Äôs Camp Fire show devastation and bravery  ,2018-11-14 23:49:02,
Capturing looters or feeding chickens. We are committed to serve those in @paradise_ca and beyond who have had their lives turned upside down by the #campfire. ,2018-11-14 23:48:44,
"Damn. The 48 confirmed dead are just bodies they've recovered. There are still the bodies they've observed along the way and the ""missing"" who some witnesses say were impossible to save. This is a catastrophe. #CampFire",2018-11-14 23:48:37,
"Outstanding,regularly updated Google Doc resource for the #CampFire :  ",2018-11-14 23:48:35,
Help this #Campfire family who lost everything.   via @gofundme,2018-11-14 23:48:34,
I could start a camp fire cus I‚Äôm ridin with them sticks,2018-11-14 23:48:26,
"""My thoughts and dreams are filled with burned animals. I keep seeing the burned, blind eyes of a raccoon I killed Thursday to end its suffering as the Camp Fire raged. I hear the terrified howls from a singed cat ..."" My god, this story from @RyanSabalow ",2018-11-14 23:48:24,
"3,500 UC Davis students sign up for event to throw rocks at Camp Fire smoke to make it go away.Um...  via @SFGate",2018-11-14 23:48:24,
The air quality in Redwood City is terrible ‚ÄîI think this is the worst it‚Äôs been since the #campfire started üò∑üò∑üò∑ #AirQuality,2018-11-14 23:48:16,0.0
Death Toll Rises in Northern California - Fire Fighter Nation ,2018-11-14 23:48:09,
".@Chevron CEO announces $1M contribution to the @RedCross. ‚ÄúAs a California company, we mourn the loss of life and destruction these fires have caused.‚Äù ",2018-11-14 23:48:07,
"Another great piece from the @latimes' fire coverage. This, via @haileybranson: ""The Bobcats were supposed to start the playoffs Nov. 9. By then, almost the entire team was homeless."" ",2018-11-14 23:48:03,
'It's going to get worse': Officials fear many more deaths from California wildfires that have already claimed 51 lives - ABC News -  @ABC,2018-11-14 23:48:01,
Evacuated from the #CampFire? Contact your insurer at their Toll Free Phone Number  #Wildfires ,2018-11-14 23:48:01,
World Central Kitchen is providing meals to people suffering from the #CampFire and #WoolseyFire. I just donated. Will you? ,2018-11-14 23:47:56,
"That's not fog but smoke, really bad air engulfing us in Sacramento #campfire ",2018-11-14 23:47:52,
"There are so many amazing non profits out there to support. Please consider adding @ChicoState to your list with our Wildcats Rise Fire Relief Fund, which will support all students, faculty and staff affected by the #CampFire. Together, Wildcats will rise!  ",2018-11-14 23:47:39,
Ya think!?! Trump was right. Trump is always right. #campfire #CaliforniaFires ,2018-11-14 23:47:32,
Wednesday November 14 - Evening Briefing:   Trump Endorses Easing Some Mandatory Sentencing Laws;     Camp Fire death toll at 48;     New progress on Brexit    Via @nytimes @rutternyc @mapaya     ,2018-11-14 23:47:27,
#CampFire destroyed 93-year-old‚Äôs home. ‚ÄòI don‚Äôt think they‚Äôll call it #Paradise again.‚Äô @FresnoBee story and video:  ,2018-11-14 23:47:25,
"So @realDonaldTrump , let‚Äôs do a little ‚Äúscarce resource‚Äù management. Here‚Äôs the question, you have 5,500 soldiers available. Do you send them to the border for a vapid threat from kids &amp; moms or to back up 1st responders fighting 5 expanding fires in California? FIRE or ICE??",2018-11-14 23:47:22,
"#campfire survivor and I wanted a lousy pizza.  #MountainMikes and #Roundtable don't want customers from the fire.  I think I can live without pizza for the rest of my life.  Thanks for nothing, jerks.  PB&amp;J in my hotel room.",2018-11-14 23:47:22,
"So many have lost so much to the horror of the #CampFire and it's really heartwarming to see @SierraNevada donate $100,000 to relief efforts. If you can support them please do. As well as the 27,000 people of Paradise who no longer have anything. ",2018-11-14 23:47:20,
#Concord #ConcordCA #WalnutCreek #WalnutCreekCA SUPPLIES NEEDED FOR #CampFire EVACUEES üîΩ #CampFireJamesWoods cc: #Antioch #Berkeley #Oakland ,2018-11-14 23:47:15,
PG&amp;E shares slammed again over fears of liability for Camp Fire ,2018-11-14 23:47:11,
Inside California's worst wildfire: The unprecedented devastation of the Camp Fire ,2018-11-14 23:47:08,
@i_D I havent see any celebrity helping the camp fire,2018-11-14 23:47:07,
Investors Flee As PG&amp;E Faces Scrutiny Over Cause of Northern California's Camp Fire | ProgramBusiness ,2018-11-14 23:47:07,
PG&amp;E shares slammed again over fears of liability for Camp Fire ,2018-11-14 23:47:05,
#CampFire #CaliforniaFires #CampFireJamesWoods üëáüèΩüëáüèΩüëáüèΩüëáüèΩif you need shelter text SHELTER and your zip code to 43362 to locate an emergency shelter in your area. Please everyone stay safe follow @CAL_FIRE for updates.  üôèüèΩ ,2018-11-14 23:47:01,0.0
‚ÄòWe Lost Everything‚Äô: Surveying the Camp Fire‚Äôs Destruction -  -   Channels &amp; Shows     Home    Search      Natural Disasters     Log In    ,2018-11-14 23:47:00,
Uh...this is somewhat triggering for California fire?? ,2018-11-14 23:46:47,
This is a great story.  Kudos to Tracy Grant &amp; Josh Fox for taking in Lee Brundige. ,2018-11-14 23:46:43,
"SSVMS has launched a call for donations to help impacted physicians &amp; families. To donate, visit  or mail checks and/or giftcards to 5380 Elvas Ave Ste 101, Sac, CA 95819. 100% of your donations will go to  physicians of BGCMS! #CampFire @BGCMS  #SSVMS",2018-11-14 23:46:39,
Our #NorCal neighbors need us now!! The #CampFire has been absolutely devastating. Help #ButteCountyFire victims through the @LaunchGood campaign! ,2018-11-14 23:46:34,
"As the Camp Fire spreads, officials at the Oroville Dam are on guard. Managing weather extremes will require additional care in the face of #ClimateChange:  @EnvCalifornia @SFChronicle #CampFire",2018-11-14 23:46:30,
Authorities searching through the blackened aftermath of Northern Calif.'s #CampFire released the names of about 100 people who are missingDozens more could still be unaccounted for in the deadliest wildfire in state history@CBSMireya is on the ground  ,2018-11-14 23:46:29,
"Please consider reading, sharing &amp; donating to the #ButteCounty #schools #CampFire Relief Fund  @wadeowlett @OHEducationSupt @RuralED @Rural_Schools @RuralEdCenter @ChicoState @buttecollege @sacstate @SierraCollege @ucdavis #momsasprincipals ",2018-11-14 23:46:29,
"#BuildTheWall #BuildThatWall #CampFire #BorderPatrol #FirstResponders Everyone bring your unused RVs to Paradise, we are. God bless you, Snake! ",2018-11-14 23:46:13,
"@FEMA_Brock @SecretaryZinke So Stinky @SecretaryZinke, tell me how many acres/hectares of USDI lands were impacted by the Camp Fire? Looks like a political ""feel good trip"" at tax payer expense to me? @SenatorTester",2018-11-14 23:46:10,
Aid sought for victims of the Camp Fire in Butte County  ,2018-11-14 23:46:06,
First man to spot Camp Fire saw fierce winds turn it into a monster  via @MailOnline,2018-11-14 23:46:02,
These six people were arrested on looting and other charges in Camp Fire area #CampFire #Paradise #CaliforniaWildfires,2018-11-14 23:46:01,
"Despite their loss, the family is focusing on helping others in their new community.  via @LizGelardi #Denver7 #CampFire",2018-11-14 23:46:00,
"State Route 70, near Shady Rest Area (Butte County), this afternoon. #CampFire ",2018-11-14 23:45:59,
We are so blessed to live in a community where when you go to deliver donations there is an abundance! #TOStrong #WoolseyFire,2018-11-14 23:45:58,
"Info on financial assistance options and applications for aid (grants and loans) for students, faculty, and staff impacted by the #CampFire are now available: Support these grants by giving to the Wildcats Rise Fire Recovery Fund ",2018-11-14 23:45:57,
@CBSLA @JKCorden @latelateshow How about a message of support &amp; donations for #CampFire victims?,2018-11-14 23:45:56,
Support your #firefighters. Share &amp; donate if you can. ‚ù§Ô∏èüë©üèª‚Äçüöíüë®üèª‚Äçüöí#cdfffbenevolent #calfirelocal2881 #CampFire #WoolseyFire #CALFIREservingCA #wildfire #Paradise #Magalia #Malibu #FirstResponder #FireFamily #NonProfit #ButteCounty #brotherhood @calfirel2881 ,2018-11-14 23:45:56,0.0
"More than 100 are missing in California's Camp Fire, sheriff's office says   Unfathomable.",2018-11-14 23:45:55,
"Camp Fire because it burned a place on the North Fork of the Feather River, one of most beautiful forest canyons in America, leading to high elevation Lake Almanor, built by Edison Power Company to power Los Angeles. Snowfields. Lake Oroville will get debris in in its foredam. ",2018-11-14 23:45:54,
"It‚Äôs been noted that #WoolseyFire (the largest in SoCal) and #campfire (the most destructive) in California were created by years of unprecedented drought and high temperatures. Nobody, (ESPECIALLY in California) should ever think for a second that #ClimateChange doesn‚Äôt exist.",2018-11-14 23:45:51,
#CampFire evacuees seeking basic necessities and information can visit the following locations: ,2018-11-14 23:45:45,
Thanks for your reply! This is all due to the #campfire. It‚Äôs the worst Smokey day and the TriValley since the fire has erupted. ,2018-11-14 23:45:39,
A team from Tony LaRussa‚Äôs Animal Rescue Foundation is bringing to the east bay 8 dogs from Chico &amp; Paradise who were up for adoption before the #CampFire.  They‚Äôre making space for animals/pets that need to stay in Butte Co. Shelters.  ARF is waiving adoption fees through Sun. ,2018-11-14 23:45:36,
All this smoke from the northern California fire has been really affecting my mood on modding -_-so while I'm trying not to choke to death on day 6 of smoke... have some Camilla poggers ,2018-11-14 23:45:33,
"#CampFire#photooftheday #photographyA campfire is a fire at a campsite that provides light, warmth, &amp; heat for cooking. Also serves as a beacon, &amp; insect &amp; predator deterrent. Established campgrounds provide a steel fire ring for safety. Popular feature of camping ",2018-11-14 23:45:29,
"#CAWildfires have made a wonderful couple homeless, please show your support with a donation as small as $5! #woolseyfire #charity #firerecovery Goodwin-Jones Fire Recovery Fund ",2018-11-14 23:45:27,
Family loses dog in Sacramento after escaping Camp Fire  ,2018-11-14 23:45:23,
".@CityMalibu City Manager Reva Feldman attends #WoolseyFire Repopulation meeting with @jbLASD, Law Enforcement, Fire, Health, &amp; Infrastructure Reps from all over the region. Discussed evacuation areas, road closures, &amp; public safety concerns.  #LASD ",2018-11-14 23:45:19,
Horse rescue outfit for horses from Camp Fire ,2018-11-14 23:45:18,
".@WHSHonkers coach/teacher, Karen McSpadden, lost her home in the #Campfire. Humbly, she says she wants nothing. We hope to deliver gift cards/small donations to help her with meals/necessities.  An envelope will be in the Willows HS office.  Delivery late Friday! #HonkerPride ",2018-11-14 23:45:16,
LASD SIB: LOS ANGELES COUNTY SHERIFF'S DEPARTMENT ANNOUNCES ADDITIONAL REPOPULATION FOR AREAS IMPACTED BY THE #WOOLSEYFIRE  ,2018-11-14 23:45:15,
"who is collecting , how is it monitored, and how are those that truly need help, going to get it... #CampFire ",2018-11-14 23:45:08,
"The admission by PG&amp;E, California‚Äôs biggest power company, that it may be to blame for at least one of the deadly fires ravaging the state sent company stock prices tumbling by as much as 30%.Read more:  ",2018-11-14 23:45:02,
"""My house, from my understanding, is still standing, but my community is gone, because ‚Äî I don't know, what, somebody wants to make a buck off of power?"" Lorrie Lundy, a resident of Magalia, Calif., says. ",2018-11-14 23:45:00,
Bay Area air quality bad but getting slightly better. ,2018-11-14 23:45:00,
'I didn‚Äôt think we had hope': Walmart parking lot is ground zero for Camp Fire evacuees ,2018-11-14 23:44:54,
"I urge anyone who can, go to Gofundme, and search for Camp Fire. There are 6512 campaigns active. This was a small community that needs a lot if help. Please help if you can#campfire #ParadiseFire #PARADISE",2018-11-14 23:44:50,
Toyota offers to give Camp Fire hero nurse a new truck! ,2018-11-14 23:44:44,
"Lady Gaga surprises California wildfire evacuees with pizza, gift cards  via @NBCNews",2018-11-14 23:44:39,
CA Gov. Jerry Brown Vetoed 2016 Wildfire Management Bill While CA Burned! #PRAYING  #Campfire #Democrats ,2018-11-14 23:44:31,
You can donate to the #CampFire efforts through the North Valley Community Foundation  or through The United Way  ,2018-11-14 23:44:31,
Donations to this project will do directly to families who were impacted by the #woolseyfire - created by some wonderful #LVUSD parents.  ,2018-11-14 23:44:29,
LOS ANGELES COUNTY SHERIFF‚ÄôS DEPARTMENT ANNOUNCES ADDITIONAL REPOPULATION FOR AREAS IMPACTED BY THE #WOOLSEYFIRE ,2018-11-14 23:44:23,
@MrHeater My husband and I have been long time users of your propane heaters. We are now in the middle of the aftermath of the #campfireparadise #campfire So many elderly and young ones are in freezing temps in tents and in their cars. Can you help?,2018-11-14 23:44:22,
"103 missing -- most of them senior citizens -- in California's Camp Fire, sheriff's office says ",2018-11-14 23:44:22,
"Suzanne Kaksonen, an evacuee of the #CampFire, and her cockatoo Buddy camp at a makeshift shelter outside a Walmart store in Chico, Calif., on Wednesday, Nov. 14, 2018. Kaksonen lost her Paradise home in the blaze ",2018-11-14 23:44:16,
"More than 100 are missing in California's Camp Fire, sheriff's office says  ",2018-11-14 23:44:14,
"I urge anyone who can, go to Gofundme, and search for Camp Fire. There are 6512 campaigns active. This was a small community that needs a lot if help. Please help if you can#campfire #ParadiseFire #PARADISE",2018-11-14 23:43:58,
The Terrifying Science Behind California‚Äôs Massive Camp Fire  via @WIRED,2018-11-14 23:43:47,
Support your #firefighters. Share &amp; donate if you can. #cdfffbenevolent #calfirelocal2881 #CampFire #WoolseyFire #FirstResponder #FireFamily #wildfire #brotherhood ,2018-11-14 23:43:42,
Inside California's worst wildfire: The unprecedented devastation of the Camp Fire. ,2018-11-14 23:43:39,
"One of the biggest surprises at today‚Äôs Cable Car Rally was the total *lack* of tourists at Ghirardelli Square, the Hyde/Beach cable car turn-around, and the Powell/Market cable car turn-around. I guess the #CampFire is keeping folks away.",2018-11-14 23:43:31,
"There are thousands displaced in Northern California, sleeping in tents and cars in parking lots due to #CampFire...and that makes my heart hurtGod, if I had millions...I definitely wouldn‚Äôt hire my own private fire fighters to focus on my houseBoom...roasted...",2018-11-14 23:43:29,
Thank you @oaklandpoliceca ! #campfireparadise #CampFirePets #campfire #oaklandPD ,2018-11-14 23:43:28,
"Camp Fire claims 48 lives, becomes the deadliest fire in California‚Äôs history ",2018-11-14 23:43:27,
Might fuck around and stand outside a second to long #campfire,2018-11-14 23:43:26,
"'Unprecedented' Camp Fire leaves Paradise in ashes  All #geoengineered! No care for the people, animals and trees which have been sacrificed! It hurts my heart :'( #chemtrails #HAARP #DEW",2018-11-14 23:43:16,
A Trojan family member lost his house in Malibu from the #WoolseyFire  Help if you can. Matt and Ximena Tuverson Family ,2018-11-14 23:43:13,
Here's the link:  #woolseyfire,2018-11-14 23:43:13,
"@DaddieVee It wasn't a camp fire. It's named after the road it started near, something like Camp Creek Rd.",2018-11-14 23:43:13,
New drone footage shows full horror of California's wildfires  via @MailOnline,2018-11-14 23:43:13,
"Our neighbors to the north and south have been greatly impacted by major fires. In Ventura and Los Angeles Counties the #WoolseyFire has burned 97,000+ acres and in Butte County the‚Ä¶ ",2018-11-14 23:43:10,
The Butte County Sheriff‚Äôs Department released a list of 103 people still missing in the California wildfires. Most on the list are older than 70; many are in their 90s. ,2018-11-14 23:43:04,
"Just as a mule had run out of energy trying to escape a swimming pool, heroes emerged -- and hope flickered anew from the embers of Paradise, California  #CampFire #CaliforniaFires ",2018-11-14 23:43:04,
Sierra Nevada Brewing Co. establishes Camp Fire Relief Fund  ,2018-11-14 23:43:03,
The latest NASA imagery from space of the wildfire smoke from northern and southern California. The central Valley getting the worst of the air quality as smoke settles and creates an inversion.#nhkworld #nhknewsline #worldweather #campfire #WoolseyFire ,2018-11-14 23:42:48,
Shit is wild I just saw some some niggas getting roasted like on a camp fire üòÇüòÇ ,2018-11-14 23:42:44,0.0
REPORT: Shivering horse found waiting out Camp Fire in backyard pool (PHOTOS) ,2018-11-14 23:42:43,
"No worriesSuperfund toxic waste site owned by Boeing #CaliforniaFire  Rips Through Nuclear Waste Site, Fueling Concerns of Airborne Radioactive Toxins  #WoolseyFire",2018-11-14 23:42:40,
"Death Toll Mounts To 48 In Northern California Fire, Deadliest In State‚Ä¶  ExcitingAds! News",2018-11-14 23:42:33,
Information for the hashtags #ThousandOaks #WoolseyFIre #WoolseyFires #WestlakeVillage #AgouraHills #Calabasas #LakeSherwood #OakPark #NewburyPark ,2018-11-14 23:42:21,
Super smokey day in the #BayAreaWX #CampFire #CaliforniaFires #SanJose #SanFrancisco #Oakland ,2018-11-14 23:42:16,
"#CampFire Trees untouched, homes burnt down. Embers and house-to-house spread responsible.   De-forestation and logging not the answer to saving homes. ",2018-11-14 23:42:15,
"Due to the amazing response from our community, we are now asking for all donations to be in monetary form. #CampFire",2018-11-14 23:42:09,
"How we‚Äôre running the City‚Äôs payroll today. Get a respirator mask and stay indoors. The air quality is extremely unhealthy. For our non California friends - our paradise friends have lost their entire town, the #campfire #ParadiseStrong #firefighterheros ",2018-11-14 23:41:55,
"@oneplus @OnePlus_USA My #oneplus 5 has been invaluable through the past 5 days of #cafires. It's held a charge, kept service when I was moving/evacuating, broadcasted, and handled communications to help assist friends. Great phone! #WoolseyFire #oneplus_usa",2018-11-14 23:41:48,
My friend Es has a cousin who lost everything in the Paradise/Camp Fire. Please help if you can. ,2018-11-14 23:41:39,
"I feel bad for our earth, we should be taking care, replenishing, loving, and making it our first priority but no... b/c of a few ppl leaving a camp fire has literally caused most of CA‚Äôs air to be shit, why worry about damaging ur lungs from smoking wen you can just walk outside",2018-11-14 23:41:38,
"#LIVE FIRE RELIEF: #CBSLA and @RamsNFL have teamed up with @LAUnitedWay to help Southern California fire victims.DONATE NOW:- Call (818) 821-1080 - Text ""2018fires"" to 41444- Donate online at #WoolseyFire #HillFire #CBSLAhelps  ",2018-11-14 23:41:37,
"Dont completely agree with @POTUS on the #CampFire situation, but if you cant build houses in flood prone areas, why can you build in wildfire areas ? @IAFFNewsDesk #firefighters #firefighter",2018-11-14 23:41:37,
"families with nothing to eat, no where to sleep.... ",2018-11-14 23:41:35,
"Ian is my son and Fiona my six year old granddaughter. He works hard and is a single dad. He bought his home hoping to provide Fiona a secure home. Today he finally found out it was totally destroyed in the Camp Fire. Today he starts over, it‚Äôs hard but he‚Äôs strong.",2018-11-14 23:41:28,
"FIRE RELIEF: #CBSLA and @RamsNFL have teamed up with @LAUnitedWay to help Southern California fire victims:Donate now:- Call our phone bank at (818) 821-1080 - Text ""2018fires"" to 41444- Donate online at  #WoolseyFire #HillFire #CBSLAhelps ",2018-11-14 23:41:26,
Unbelievable the #CAMPFIRE is still actively burning yet the lawyers have filed suits against the Power Company. Peoples lives in totally destroyed yet the blood suckers are feeding up.,2018-11-14 23:41:18,
Paradise residents sue PG&amp;E in California's devastating Camp Fire  via ,2018-11-14 23:41:16,
"‚ÄúWhile the cause of the Camp Fire is still under investigation, if the Utility‚Äôs equipment is determined to be the cause, the Utility could be subject to significant liability in excess of insurance coverage.‚Äù ",2018-11-14 23:41:14,
"Male neutered possible tabby, transferred from VCA Valley Oak to Loomis. Found near Rite Aid in Paradise #clark #elliott #campfire #campfirepets Source:  ",2018-11-14 23:41:11,
Ways to help! #prayforcalifornia  ,2018-11-14 23:41:10,
Here is a Camp Fire google shortlink for people looking for an aggregate way to bounce around on NorCal #CampFire stuffs.,2018-11-14 23:41:07,
3rd body found in Southern California fire zone ,2018-11-14 23:41:02,
Please consider helping the 'Camp Fire Animal Relief Fund' -   via @gofundme,2018-11-14 23:40:56,
@CAL_FIRE My daughter‚Äôs ins co sent her satellite photos of her home before/after the fire.  The photos showed all the homes still standing.  My daughter had a video of after the fire with 3 homes left in her neighborhood.She sent the video to prove they had inaccurate info. #CampFire,2018-11-14 23:40:54,
"@TamerOfLies @Kmgtorrey @brandongroeny @SeeRealEqual The Camp Fire, which started Thursday within or near the Forest Service boundary, has burned 111,000 acres. Most of the area burned, however, was outside the national forest.",2018-11-14 23:40:53,
LOS ANGELES COUNTY SHERIFF‚ÄôS DEPARTMENT ANNOUNCES ADDITIONAL REPOPULATION FOR AREAS IMPACTED BY THE #WOOLSEYFIRE ,2018-11-14 23:40:53,
@LArunr @thenorthfaceECS Class act with the donation to #CampFire.,2018-11-14 23:40:50,
Garbage collector pulls 93-year-old woman in truck to save her from California Camp Fire ,2018-11-14 23:40:44,
"There are so many #CampFire survivors, sleeping in tents and their cars! ANYONE in Butte Co or NorCal that can donate some heaters? We cannot forget the survivors just because the days are going by. ",2018-11-14 23:40:43,
Amazing rescues in California. We found this cat at Wagstaff Road/Rocky Lane. @HaywardFireNews is driving around with pet food and water to help out animals who've made it through this fire! Kitty is at VCA Valley Oak Vet Center.  #CampFire... ,2018-11-14 23:40:35,
This. Is. Not. The Camp Fire. ,2018-11-14 23:40:28,
Only YOU can prevent forest fires. #CampFire ,2018-11-14 23:40:25,
Looking to support families who lost their homes in the #WoolseyFire? Please consider donating to my soon-to-be family-in-law.  ,2018-11-14 23:40:23,
"Stories of Survival From the Camp FireFollow KQED's ongoing wildfire coverage. The Camp Fire in Butte County is now the most destructive and deadly blaze in California history, having killed at least 48 and destroyed more than thousands of homes and b... ",2018-11-14 23:40:20,
"Time to start reading up on how towns and cities recover from tornadoes, which is the only other socionatural event in the US that seems to compare in terms of speed and town-wide destruction as #CampFire.",2018-11-14 23:40:12,
'It's going to get worse': Official fear many more deaths in California wildfires - ABC News -  via @ABC,2018-11-14 23:40:11,
"WATCH: Ominous drone footage shows Camp Fire in Chico, California: This video, shot by teacher Michael Peck and his student production team, showed the football field and town between 10:30 and 11:30 am on Nov. 9.  #US ",2018-11-14 23:40:09,
"This evening I spoke with @Morphiusfilm , a US based filmmaker who takes me through his experience of the #WoolseyFire  Here is that conversation  #podcast #podernfamily",2018-11-14 23:40:09,
"Camp Fire: Reno man jailed on drug, gun charges in evacuated area. ",2018-11-14 23:40:07,
This is such a nice thing for #AmazonPrime to suggest giving smoke detectors to those affected by the wildfires. #CampFire #CaliforniaFires ,2018-11-14 23:40:07,
"Interior Secretary Ryan Zinke called the Camp fire, which practically destroyed the town of Paradise in Northern California, ‚Äúworse than any war zone I saw in Iraq"" ",2018-11-14 23:40:00,
"Y‚Äôall I don‚Äôt mean to be rude or anything but like... could california have chosen a better name for Camp Fire?? It doesn‚Äôt sound threatening at all, it sounds like I want to cuddle up next to it and make s‚Äômores",2018-11-14 23:40:00,
@dj_pelletier @weatherchannel Rumor up here in Northern California is the Paradise one (Camp Fire) was caused by faulty PG&amp;E equipment..,2018-11-14 23:39:51,
"Stay inside if you can!  Air quality is still bad now.. in the unhealthy to very unhealthy category.   Unfortunately, not much improvement next 4  days.  Smoke impacts from #CampFire are going to continue.  #CaliforniaFire #CAfire ",2018-11-14 23:39:49,
#repost code_1_ff Our thoughts and prayers are with the people who have been impacted by the #campfire and the #woosleyfire ,2018-11-14 23:39:48,
"""Local officials warned the destruction from the Camp Fire could set off a wave of refugee migration akin to a smaller version of the Dust Bowl of the 1930s."" ",2018-11-14 23:39:48,
"Our hearts go out to the victims of the Butte County Camp Fire. Thank you to the firefighters and all of those on the ground supporting those affected. To assist, visit The Salvation Army landing page &gt;&gt;  #buttecountystrong #paradisestrong #calistrong ",2018-11-14 23:39:48,
Camp Fire evacuees face housing and humanitarian crisis | The Sacramento Bee ,2018-11-14 23:39:48,
More than 100 missing -- most of them senior citizens -- in California's Camp Fire  ,2018-11-14 23:39:37,
"The Camp Fire is very different from previous wildfires. The victims are older, poorer and, likely, more disabled. It will be much more difficult for them to get by and get back on their feet. A humanitarian crisis in the making. ",2018-11-14 23:39:29,
"In Paradise, some landmarks go untouched while #Campfire consumes others ",2018-11-14 23:39:26,
From the Mercury News Page : There are so many ways you can help victims of the Camp Fire. Pick one:‚Ä¢ Offer free housing through Airbnb's disaster program‚Ä¢ Donate fresh... ,2018-11-14 23:39:21,
"""People make public appeals for unreachable loved ones during Northern California fire""  ",2018-11-14 23:39:12,
@PopArtModern @Debi129 Make that death toll 48.....with 100‚Äôs missing. All of the dead are from the #CampFire....(#ParadiseFire). #heartbrokeninNoCal,2018-11-14 23:39:02,
"""Camp Fire has become California's deadliest fire in 85 years""  ",2018-11-14 23:38:52,
Notice anything missing? That would be the downtown Sacramento skyline. View is from the Harbor Blvd. freeway overpass. #CampFire #CaliforniaWildfires #smoke ,2018-11-14 23:38:51,
@mehdirhasan @TerrellThomas24 Do one with jerry brown: CA Gov. Jerry Brown Vetoed 2016 Wildfire Management Bill While CA Burned  #CampFire #WoosleyFire #CAFires #JerryBrown,2018-11-14 23:38:49,
Inside California's worst wildfire: The unprecedented devastation of the Camp Fire ,2018-11-14 23:38:45,
