tweet,time
"Deep Thoughts. (Just kidding). More smug, incomprehensible hyperbole. Residents disappointed in no offering of paper towels. Not even water balloons or rakes. Just the place smelling a lot worse than it did.#CampFire #Paradise #Chico #Trump #JerryBrown #CaliforniaWildFires ",2018-11-17 23:59:58
'He can kiss my red ass': California fire evacuees give Trump visit short shrift ,2018-11-17 23:59:56
Join us after the game on @abc7newsbayarea for more on President @realDonaldTrump‚Äôs visit to the #CampFire disaster zone. Trump got mix reaction from crowds who lined the street to watch his motorcade in #Chico. ,2018-11-17 23:59:56
"The one saving grace of natural disaster is that it often brings out the very best in people, and pets alike. Perhaps, there is hope after all for the befouled species that we refer to as humans.. ",2018-11-17 23:59:49
"@BetteMidler @rRealNeilNash Neil Young has lost his house to 'another' California fire yet ""Firefighters have never seen anything like this in their lives"". So this HAS been seen before. Then we are talking onlly quantum. And yes, this needs better forest management, loath tho I am to agree with Trump.",2018-11-17 23:59:48
'Very sad to see': Trump visits Paradise lost by California fire ,2018-11-17 23:59:45
@AynRandPaulRyan Someone show Trump a map of where Finland is!!!   Not exactly California weather or conditions.#RakeAmericaGreatAgain  #RakeTheForest  #wildfires  #CampFire,2018-11-17 23:59:31
"@TheAtlantic @amandamull I had exclusive access to reveal, for the first time, the horrific damage done to hundreds of homes in Malibu as a result of the #WoolseyFire. See the entire story @  ",2018-11-17 23:59:26
"A very well-done diary of one person's experiences from her viewpoint as a Paradise resident, w/photos. When Guy Fieri shows up, you know the disaster is serious - my life in the Camp Fire ",2018-11-17 23:59:14
"How Californians are breathing in the ""new abnormal"" of epic fires ",2018-11-17 23:59:05
"My daughter lost her home from the paradise camp fire, we‚Äôd appreciate it if you can donate anything, thank you üòäüôèüèª ",2018-11-17 23:58:56
Camp Fire Survivors Are Now Refugees In Their Own Country-This hurts That‚Äôs it‚Äôs happening. It‚Äôs so heartbreaking  ,2018-11-17 23:58:46
#GOP overt prejudice against the people of California:#CampFire #ParadiseFire #WoolseyFire @realDonaldTrump #climatechange#VoteBlue2020 to limit petty #CorruptGOP power plays.,2018-11-17 23:58:40
"Dear Mr. @niinisto, @realDonaldTrump says you told him you sweep the ""floors"" of your forests in Finland to keep them from burning down. Is that true? Asking for Americas who think he's a liar and a moron. #CampFire",2018-11-17 23:58:37
Any local brewers want to jump in on this? #CampFire #RidgeStrong #Resilience ,2018-11-17 23:58:35
Dog found 'protecting the only house left on the block' after Camp Fire in Paradise  via @usatoday,2018-11-17 23:58:33
Camp Fire Survivors Are Now Refugees In Their Own Country ,2018-11-17 23:58:30
"@cathyforbes71 Cathy, We want to ensure that everyone impacted by the Camp Fire has the services &amp; care they need during these trying times. We encourage everyone to cooperate with the County and other local organizations to transition to dedicated shelters where those resources are available.",2018-11-17 23:58:28
#campfire #NotmyPotus Sadly the photo does not include the C-130s carrying the Rakes to be given to those devastated by tragedy that now need to go out and rake the forest. Thank You Potus for not saying one word of Condolence to those Deceased and Missing. ,2018-11-17 23:58:25
"#CampFireJamesWoods #CampFire #CampFirePets #Paradise #ParadiseFires  #CaliforniaFires #CaliforniaWildFires #CAFires #ButteCounty #ButteCountyFire #ButteCountyStrong #Chico #SoCalFiresJamesWoods Remember, your pet may look totally different due to the fire.Take time-Look Close!",2018-11-17 23:58:22
"Evacuees from #CampFire built a community in Chico #Walmart parking lot. Officials are nudging them out to real shelters by tomorrow though, and toilets, food trucks and other services will be gone. ",2018-11-17 23:58:13
Surviving the Camp Fire was hard enough. Now these animals have to find their humans. ,2018-11-17 23:58:06
Cat reunion after California fire:  via @HuffPostGreen,2018-11-17 23:58:06
These 29 unclaimed animals were rescued from the Camp Fire and brought to UC Davis for veterinary care.  Link in the article for claiming a pet from them.  #CaliforniaWildfires #CaliforniaFiresPlease retweet.  Thanks.,2018-11-17 23:58:01
"Trump denies climate change role in Camp Fire, suggests raking leaves is bigger problem  ",2018-11-17 23:57:40
"PG&amp;E recorded ‚Äúan incident early Thurs on a major electrical transmission line.. just minutes before the reported start of the Camp Fire.‚ÄùHours before the fire, PG&amp;E announced it would cancel a service suspension to some households as an anti-fire measure",2018-11-17 23:57:30
1000 #PeopleMissing amidst #California‚Äôs ‚Äú#CampFire‚Äù #CampFireJamesWoods  #news,2018-11-17 23:57:27
"In his talk of raking and Finland, he hadn‚Äôt mentioned the 71 victims of the #CampFire. Not. One. Time. He‚Äôs not going to meet with survivors. Are you kidding me? #MAGA #KAG",2018-11-17 23:57:23
Surviving the Camp Fire was hard enough. Now these animals have to find their humans. ,2018-11-17 23:57:22
@RedCross Please donate here for #CampFire Red cross is Amazing my car burnt down in Sept. And they instantly helped me out cs u know am homeless. Way better than FEMA. they are currupt. #Haiti üíò,2018-11-17 23:57:20
If anyone had their #horses evac'd who ended up a long ways away but think theres no other option?   Yes there is...this place!  It's about an hour from Butte &amp; these guys are great.  They've got room &amp; transport if needed!#paradisefire #CampFire #CampFirePets #Stirling ,2018-11-17 23:57:04
"‚ÄúNo, no I have a strong opinion. I want a great climate. We‚Äôre going to have that, and we are going to have that are very safe because we can‚Äôt go through this."" - DJT on Camp Fireüò†The climate is not going to be great. I am sad our children will inherit this.",2018-11-17 23:57:01
"@ProudResister @realDonaldTrump When asked about the president‚Äôs visit to the area, Kirk Ellsworth, whose adult children lost their homes in the fire, shook his head in disgust.‚ÄúMy kids lost everything. I voted for him ‚Äì and now? He can kiss my red ass,‚Äù ",2018-11-17 23:56:58
"IMMIGRANT PICK-UP LINEUh,Is That A Rake In Your PantsOrAre You From Finland ?#Trump #Inners#WoolseyFire #ParadiseFire #CampFirePets",2018-11-17 23:56:58
President Trump In Southern California; Touring Woolsey Fire Zone #woolseyfire @countyventur #805strong ,2018-11-17 23:56:51
Camp Fire/Help my sister &amp; family ,2018-11-17 23:56:47
'It's like total devastation': Trump visits Paradise lost by California fire (USA TODAY) ,2018-11-17 23:56:32
@MCITLFrAphorism Sad.  We've reach our milestone in a way also.  : (,2018-11-17 23:56:25
"I also follow PDX out of curiosity (gotta make sure Mom is ok) and California, because goddamn. Mask up and stay safe, friends. #CampFire",2018-11-17 23:56:02
Its Saturday and Groundhog Day (Movie) Just a sign. No explanation. Well that answers that question. Not today...#therockstore #saatchiartist #nottoday #woolseyfire #cornellwinery‚Ä¶ ,2018-11-17 23:55:47
"Trump tours California wildfire devastation, blames everything but climate change  via @thinkprogress",2018-11-17 23:55:41
"California fire: If you stay, you‚Äôre dead. How a Paradise nursing home evacuated ",2018-11-17 23:55:36
"My @BRS_Academy Ss raised over $100 for the families in Paradise, CA effected by the #CampFire. My Ss not only have a big mind but also a big heart. We are thinking of you in this time of need.  TY @MsYorksClass ",2018-11-17 23:55:33
"@PFA809 @simsimsala @IAFFNewsDesk Scott, only if you ignore the fact that the ""Camp"" fire started in the Plumas National Forest! I'll repeat that so you can see the words ""National Forest""...Plumas National Forest! @POTUS didn't say SoCal, he said in California!!!",2018-11-17 23:55:21
Many wildfire survivors too busy seeking help to watch Trump ,2018-11-17 23:55:18
"#campfire #charitystream is happening now. Please come stop by. If you can donate, do, if you can‚Äôt, just being here for a few minutes is enough, or liking this photo or retweet my tweet. Donate here  @TheTwitchBakery ",2018-11-17 23:55:14
PVPHS Panthers looking for leadership opportunities? Make your own. Lead the way. Thousands of displaced families in So Cal and NorCal. ,2018-11-17 23:55:01
Cowboy 911 has been awesome!#CampFireJamesWoods #CampFire #CampFirePets #Paradise #ParadiseFires #ParadiseStrong #CaliforniaFires #CaliforniaWildFires #CAFires #ButteCounty #ButteCountyFire #ButteCountyStrong #Chico ,2018-11-17 23:54:55
"#CaseyGerrySD is proud to stand w/retired Chico Police Chief Kirk Trostle &amp; his wife Patricia Garrison in their efforts to hold PG&amp;E accountable for #CampFire. ‚ÄúNo community should have to go through this again,‚Äù Trostle said to #ChicoER.  #andreabyik",2018-11-17 23:54:49
How Californians Are Breathing in the ‚ÄòNew Abnormal‚Äô of Epic Fires ,2018-11-17 23:54:47
#CampFire Evacuation Order Reduced to Warning 11.17.18 ,2018-11-17 23:54:35
"Trump: ""We've got to take care of the floors, you know the floors of the forest, very important.""In addition to: insecurity, ignorance, arrogance &amp; oral sadism, don't discount dementia. It's much worse. Trump will be spoon fed before 2020. Believe me. ",2018-11-17 23:54:20
Good friends.  Good times.  #camping #campfire @ Eagle Ridge Cabins ,2018-11-17 23:54:17
Number of missing in Camp Fire jumps to 631 #NBC  ,2018-11-17 23:53:59
@andylassner Science is interesting... ,2018-11-17 23:53:47
ppl have situational depression here last thing need is a hag women bitchin bout something. usually a women sometimes guys  camp fire,2018-11-17 23:53:36
@Hogan80Hogan @TheContemptor Amazed anyone around Trump has any hair left! #CalFire #CampFire #CaliforniaFires #CaliforniaWildfires #Finland,2018-11-17 23:53:30
"This is AWE-INSPIRING! (@ToyotaUSA has the perfect response!) Nurse Posts How His Toyota Looks After He Saves Many Lives From Fire, Toyota Responds  via @boredpanda",2018-11-17 23:53:19
'He can kiss my red ass': California fire evacuees give Trump visit short shrift ,2018-11-17 23:53:15
"SF animal shelter trying to reunite pets, owners displaced by Camp ‚Ä¶ ‚Äì¬†SFGate ",2018-11-17 23:53:04
"@WhiteHouse @realDonaldTrump When asked about the president‚Äôs visit to the area, Kirk Ellsworth, whose adult children lost their homes in the fire, shook his head in disgust.‚ÄúMy kids lost everything. I voted for him ‚Äì and now? He can kiss my red ass,‚Äù ",2018-11-17 23:52:45
This Bloomberg article is terrible. Instead read this @marketwatch article on how you can help those impacted by #campfire  ,2018-11-17 23:52:38
"@GlobalEcoGuy A proeminent Climate ScientistMakes a Prophecy""Smoke and ‚ÄòFire and Fury the World Has Never Seen‚Äô""Declares a Miraculous solution""Forest management""Both The Prophet and The Believers are ignorant of the causes that amplified #CampFire#Paradisefire #WoolseyFire Armageddon",2018-11-17 23:52:36
".@go2MissionSC and @CanadaCollege will reopen on Monday. Here's our full, updated list on the schools impacted by poor air quality in the Bay Area: ",2018-11-17 23:52:29
"""The Pacific Gas and Electric Company (PG&amp;E) said it could be responsible for the #California fire and had exhausted its revolving line of credit to pay for a fire-related liability."": #CaliforniaWildfires #CaliforniaFires ‚ò†Ô∏è",2018-11-17 23:52:21
 The new Trump slogan - MAKE AMERICA RAKE AGAIN!  #CampFire #CampFireSmoke #CaliforniaFires #makeamericarakeagain ,2018-11-17 23:52:16
"PG&amp;E says if found responsible for Camp Fire, cost would exceed insurance coverage  via @abc7newsbayarea",2018-11-17 23:52:15
"A proeminent Climate ScientistMakes a Prophecy""Smoke and ‚ÄòFire and Fury the World Has Never Seen‚Äô""Declares a Miraculous solution""Forest management""Both The Prophet and The Believers are ignorant of the causes that amplified #CampFire#Paradisefire #WoolseyFire Armageddon ",2018-11-17 23:52:15
@real_farmacist And then there‚Äôs science. ,2018-11-17 23:52:12
"I had the opportunity to Thank David Bowie for everything he'd done all his body of work - it was around a camp fire with some other people , he's terribly interested in 'indigenous culture' {as am i} {whatever that's taken to mean in English}",2018-11-17 23:52:10
This is a great article with pics of found babies!#CampFireJamesWoods #CampFire #CampFirePets #Paradise #ParadiseFires #ParadiseStrong #CaliforniaFires #CaliforniaWildFires #CAFires #ButteCounty #ButteCountyFire #ButteCountyStrong #Chico ,2018-11-17 23:52:07
Local boutique donations for wildfire victims  ,2018-11-17 23:52:06
"Still seeing this pretty substantial looking set of storms rolling through CA from Tues-Fri, heavy rains looking likely for fire areas in both north and south. Lots of people in tents after fire will need something more robust. Muslides too. #WoolseyFire #CampFire ",2018-11-17 23:52:04
California fire has made the air so bad it‚Äôs blotting out the sun and cooling the ground - Los Angeles Times ,2018-11-17 23:51:51
"@ck14340 We are cooperating with the County, the Red Cross and other local organizations to ensure that the people impacted the Camp Fire can transition to the shelters that can provide the resources, services and care they need.",2018-11-17 23:51:38
Rake &amp; clean 30m acres of forests. Nothing to debate. #Trump is either dumbest man alive or is suffering from some type of brain disease. Sad &amp; dangerous! #EnoughSaid #Resist  ,2018-11-17 23:51:37
@MMFlint Science??? ,2018-11-17 23:51:36
‚ÄúYour flag still flies and hope remains.‚Äù  Thank you for sharing this photo with me @SheldonFort. #CampFire #ParadiseStrong @verizon @VerizonNews @paradise_ca @CountyofButte @heidiflato @CASenatorJim @BrianDahleCA @J_GallagherAD3 ,2018-11-17 23:51:35
Donald Trump says California fire hasn't changed his opinion on climate change#environment He should not be president.  He is a lying con man.,2018-11-17 23:51:34
Thank you Sam Francisco SPCA! Please share and donate if possible! #DogsOfTwitter #Dogs #Campfire #donate #help #onenation #hope ,2018-11-17 23:51:30
@blumspew Not exactly climate but a large part of why the Camp Fire in particular has been so devastating is because of the area it occurred in. The Paradise area is incredibly rural and many properties have septic systems and propane tanks that exploded when the fire came through.,2018-11-17 23:51:09
The new Trump slogan - MAKE AMERICA RAKE AGAIN!  #makeamericarakeagain #CaliforniaFires #CampFire  ,2018-11-17 23:51:01
"What would you expect?AFTER:¬†9 Days; 71 Fatalities;1,011 unaccounted; &gt;30,000 displaced; evacuation orders covering &gt;200,000 people; 146,000 acres; 9,700 single-family homes; 144 multi-family homes; 336 commercial buildings;#CampFire¬†#ParadiseFire#WoolseyFire¬†#MalibuFire ",2018-11-17 23:50:57
"@CNN These are Scenes, where I wish I never had to seen it. I admire #Calfornia'n who can handle this, pics from the #CampFire",2018-11-17 23:50:55
"@JPan77 @TheContemptor Raking goes fairly quickly, but combing the snarls out of the pine needles is a bitch! @realDonaldTrump #Finland #FinlandDoesntRake #CampFire #CalFire #CaliforniaFire #WoolseyFire",2018-11-17 23:50:55
Why did they leave their fucking dog? ,2018-11-17 23:50:45
"@walmarthelp Thanks for replying. And this: ""...four of the shelters housing Camp Fire evacuees currently have norovirus outbreaks, and are getting worse every day. ‚ÄúI‚Äôd rather breathe the smoke,‚Äù said Whiteburn.""It would be great PR if you could give motel vouchers.",2018-11-17 23:50:31
Trump Calls the California Fire A Very Small Problem - 1000 people missing and 72 confirmed dead is a very small problem indeed ,2018-11-17 23:50:25
@StormIsUponUs If you are insane sure....,2018-11-17 23:50:19
"#Wildfire Causes &amp; Solutions:  #climateaction #renewables #distributedsolar, bury #powerlines, #firesafety retrofits &amp; building codes, #fire proof construction &amp; landscaping, prescribed burns, #CampFire #Paradise #WoolseyFire #Malibu #PGE #BrownsLastChance",2018-11-17 23:50:09
"List of missing people after Camp Fire swells to more than 1,000 ",2018-11-17 23:50:08
#CampFire #CampFirePets Heartbreaking üò≠ ,2018-11-17 23:50:00
#BREAKING: Fire officials have reduced the evacuation order for Messilla Valley and Lower Clark. #CampFire ,2018-11-17 23:49:46
QUICKSomebody HandThose #ImmigrantCaravan People RakesThen Have ThemTell The Military At The BorderThey're From Finland#CampFire#CaliforniaWildfires #WoolseyFire #ParadiseFire #Trump #MAGA#inners,2018-11-17 23:49:34
@PressSec @realDonaldTrump @JerryBrownGov @GavinNewsom @GOPLeader why anyone cares what this Moron says is troubling ,2018-11-17 23:49:31
"‚ÄúThey watched the hazy sun,Sinking in the sea...‚Äù#CampFire #Paradise #LastResort ",2018-11-17 23:49:29
Lost &amp; InjuredAnimal Resources List #CampFire#campfirepetsüêÑüêéüê∂,2018-11-17 23:49:29
@AynRandPaulRyan Paper towels to flood victims so I guess a couple California fire victims will get #DonnysWetWipes,2018-11-17 23:49:27
'It's like total devastation': Trump visits Paradise lost by California fire  ,2018-11-17 23:49:23
Camp Fire evacuees at #Walmart parking lot ordered to leave with their pets #Evilmart #CaliforniaWildfires ,2018-11-17 23:49:20
"I appreciate this list of tangible, localized way we can help the survivors of the #CampFire. Thanks, @publiclandlvr. ",2018-11-17 23:49:17
"Landed in a dystopian landscape today. The roofs of buildings  hundreds of miles away from the #CampFire are gray with ash. People chit-chat about the type of mask they wear if they dare go outside. Flames destroyed thousands of lives, and smoke is hurting millions of others. ",2018-11-17 23:49:16
My heart is breaking a second time over knowing that this disaster was preventable. There need to be better regulations for corporate utilities. @PGE4Me #CampFire  via @VICE_video,2018-11-17 23:49:09
@sdhumane Still finding animals alive after the devastating #CampFire ‚ô•Ô∏è‚ô•Ô∏è‚ô•Ô∏è,2018-11-17 23:49:06
@leahmcelrath @Knight201701 Get ready. This #campfire will be politicized as part of the plunder &amp; destruction of all public assets by Putin‚Äôs American oligarchs.#paradisefire,2018-11-17 23:49:06
‚ÄúHow strongly does the atmosphere want to pull water out of the vegetation and out of the ground?‚Äù   #CampFire #Woosley #Eastwinds,2018-11-17 23:49:04
"@risetoflyy @falseflagjerry The question is when to stop... LOL)As we already know ‚ÄúCamp Fire‚Äù=75; =141 (a digital anagram of ‚ÄúHell Fire‚Äù=71; =145) destroyed Paradise, CA. Which implies the following:""Paradise, CA is destroyed by Hell Fire‚Äù=322; or‚ÄúParadise in CA is destroyed by hellish Camp Fire‚Äù=666;",2018-11-17 23:49:03
Join us later w/ #Fallout76 LIVE #Deathclaw FeedingsDrops Giveaways Loot SWAGonly on #TheStardsutLoungeMonth long #CaliforniaFires Relief Donation Drive#CampFire  &amp; #WoosleyFire#CampFireJamesWoods ,2018-11-17 23:48:55
"@andylassner We are in DESPERATE need of #100portables classrooms to get all the Paradise &amp; other area students back into school by Dec. 3rd. These students of the #Campfire need your HELP. 1000's of students displaced! #ParadiseStrong , #ButteStrong . They need some sort of normalcy!",2018-11-17 23:48:54
"Here is a fire weather update! The Camp Fire in Northern California is the most destructive fire in California history. The Camp Fire has destroyed over 11,800 structures and has claimed 71 lives. The Camp Fire has burned 148,000 acres and is now 55% contained.",2018-11-17 23:48:51
I keep seeing tweets that shelters full. THEY ARE NOT. See this list or download the Red Cross emergency app.  #CampFire,2018-11-17 23:48:50
"Troops have been deployed to our southern border during the holidays, where there is very little for them to do. They could however be sent to California where they could actually help citizens in need... #CampFireSmoke #CaliforniaWildfires #CampFire",2018-11-17 23:48:40
"It's a Damn Shame  But, But ,But, Gues Who Profiting Long as He The Command is In Command.....#WhoseNarrative WhoseNarrative Who ? ",2018-11-17 23:48:32
"Athletes who need clothes, shoes, gear, etc - come to the gym this Tuesday morning. #campfire #workout #athlete ",2018-11-17 23:48:27
@MrCarrOnTheWeb @realDonaldTrump @BCOEStory butte County will pull through. @realDonaldTrump cares more about the photo-op and tweeting than #CampFire. We in NorCal will help you through,2018-11-17 23:48:20
"A rampant issue here at the Chico FEMA camp behind walmart. People are abandoning their donations, evacuees are leaving their trash. Theirs piles of human feces in the field. #FEMA #ChicoCA #CampFire #ParadiseFires ",2018-11-17 23:48:11
Evacuated from the #CampFire? Contact your insurer at their Toll Free Phone Number  #Wildfires ,2018-11-17 23:48:01
@shannonrwatts #RakeAmericaGreatAgain #SaturdayMotivation #ImpeachTrump #CaliforniaFires #CampFire #WoolseyFire #CaliforniaStrongCredit: @Rob_Rogers ,2018-11-17 23:47:58
Gerard Butler Hosts Star-Studded Fundraiser for California Fire Relief After His Home Was Damaged ‚Äì¬† ,2018-11-17 23:47:55
"President Trump to reporters, per pool: ‚ÄúWe had a fantastic meeting Gavin and Jerry. We‚Äôre working very, very well together. We have to, it‚Äôs a devastating situation. We have to."" #CampFire",2018-11-17 23:47:49
'He can kiss my red ass': California fire evacuees give Trump visit short shrift ,2018-11-17 23:47:37
These images of the burned &amp; broken pets rescued from the #CampFire üò≠ ,2018-11-17 23:47:35
This so called leader astounds me with his sheer idiocy.  ,2018-11-17 23:47:31
"When Guy Fieri shows up, you know the disaster is serious - my life in the Camp Fire ",2018-11-17 23:47:25
This is not the kind of history California wants to be making. #CampFire #ButteCounty ,2018-11-17 23:47:25
Learn how to help California's Camp Fire victims in Paradise and nearby ,2018-11-17 23:47:20
"#CaliforniaFires  If you haven't seen this Fox broadcast, you should . . . it's short, and was broadcast about 10 days before the Camp Fire started . . . ",2018-11-17 23:47:18
visit  @SoCalTelevision #traffic #news &gt; !! #woolseyfire closure !! road closed from carbon canyon to wood rd.... LIKE &amp; FOLLOW @SoCalTelevision,2018-11-17 23:47:14
"@RFWill149 Here is how insane the smoke was on 680 and 80 in various places I went through while on @FAST_Transit Blue Line on Friday, following the @SanJoaquins Board of Directors Meeting. #CampFire ",2018-11-17 23:47:09
cc:@realdonaldtrumpThe Terrifying Science Behind California‚Äôs Massive Camp Fire  via @WIRED,2018-11-17 23:47:07
Every morning I check the forecast for rain. To aid in fighting the #CampFire and to tamp down the smoke in our air. Hadn't thought about the fire-flood potential:  #ReadLocal ,2018-11-17 23:47:03
Camp Fire Survivors Are Now Refugees In Their Own Country,2018-11-17 23:46:51
"Forget the asshat who says ""rake the forest"" üôÑand THANK our firefighters.üá∫üá∏#CampFire ",2018-11-17 23:46:45
"Instead of resources going to #CampFire &amp; Cali, the US gov sends thousands of troops to stop a non-existent caravan of migrants at the mex border &amp; sends planes to kill poor foreigners.""US-led coalition airstrikes kill at least 40 in Syria, AP reports""  ",2018-11-17 23:46:44
"Trump tours California wildfire devastation, blames everything but climate change  via @thinkprogress",2018-11-17 23:46:40
#CampFire - Messilla Valley and Lower Clark Evacuation Order Reduced to Warning 11.17.18 ,2018-11-17 23:46:30
Trump says California fire hasn't changed his opinion on climate change ,2018-11-17 23:46:29
Surviving the Camp Fire was hard enough. Now these animals have to find their humans. - The Washington Post ,2018-11-17 23:46:27
"The North Valley Community Foundation is accepting financial donations help fund services for those who perished in the Camp Fire.  üò¢To donate, go to ‚§µÔ∏è#paradisefire #CampFire #CampFirePets #Stirling #ParadiseCA #Magalia #Chico #Orovile",2018-11-17 23:46:24
We just reached $4000 in cash donation! The collected items will go out today.We continue to collect cash donation at both of our stores &amp; online at our website. Thank you for your generosity!#ButteCountyFire #ButteCountyStrong #CampFire #CampFirePets #HelpNeeded #jeffreyspets ,2018-11-17 23:46:24
"@fakedansavage @DrJenGunter Also known as, ‚ÄúCamp Fire disaster now compounded by arrival of the walking atrocity, Trump.‚Äù California deserves a break!",2018-11-17 23:46:24
"""A lot of us voted for him and he [talks] down to us?‚Äù ",2018-11-17 23:46:22
Camp Fire evacuees relocating from Walmart parking lot to shelter,2018-11-17 23:46:21
"üå≤üî•üå≤üî•üå≤üî•üå≤üî•üå≤üî•üå≤FYI: Lab closed 22 years ago, and cleanup efforts remain in the planning stages. But yeah, let's blame climate change...‚ò¢‚ö†Ô∏èüî•‚ò¢üî•‚ò¢üî•‚ò£üî•‚ò¢üî•#WoolsleyFire #CaliforniaFires ",2018-11-17 23:46:20
'He can kiss my red ass': California fire evacuees give Trump visit short shrift ,2018-11-17 23:46:19
"‚ÄòThe Federal Government Is Behind You‚Äô: Trump Tours Camp Fire Devastation with Brown, Newsom  ",2018-11-17 23:46:05
Wish I was a fly on the wall for the #GavinNewsom and #JerryBrown post-visit commentary. #CampFire,2018-11-17 23:46:05
"üêæüî•üêæ#DontGiveUp Your pet may look very different, sooty, singed, bandaged. Look again! Don't go by color! Exampleüëá‚ùó #CAfirepets #MissingPets #missingdog #missingcat #CampFirePets #DisasterPets #animalrescue  #CAwildfirepets #CampFire#CaliforniaFires #Californiawildfires ",2018-11-17 23:46:00
"Folsom firefighters are among the many local area fire agencies helping with the #CampFire. The fire devastated the area and surrounding communities, but firefighters continue to try and save what they can. ",2018-11-17 23:45:51
"Over 1,000 Missing in NorthernCalifornia‚Äôs Camp Fire, Officials Say  via @Splinter_news",2018-11-17 23:45:50
"@rolandscahill Actually an Ewok would be much better President than IQ45. Send one down here to Paradise, CA and take Jabba the Hut back to his home planet. Haven't we suffered enough already?#CampFire. #ParadiseFire #CaliforniaFires",2018-11-17 23:45:45
"The #craftbeer community is pretty great!""Fresno craft beer bars helping camp fire evacuees.""",2018-11-17 23:45:42
Garbageman and his family come to 93-year-old's rescue in fire #campfire,2018-11-17 23:45:40
"If you did an overlay of the #campfire In Paradise CA onto Indianapolis, this would be the area damaged.  ",2018-11-17 23:45:34
"@endthemaddnesss Text for visually impaired:#CampFire Relief Shelter28,000 sq ft indoor warehouse for displaced residentsShowers and restroomsFamilies can set up tents indoors and out of the weatherPets ARE allowed1400 Bridge StYuba City, CAmore information:TEXT Richard at 916-949-0914",2018-11-17 23:45:31
No words.  #WoolseyFire ,2018-11-17 23:45:23
#CampFire.  RAGA.  Raking America Great Again.  Stupid Trump!,2018-11-17 23:45:22
Paradise couple who died in Camp Fire were 'wonderful people'  ,2018-11-17 23:45:19
"@real_farmacist What about the statement to Trump that the fire is an ""urban interface"" fire, #notforestfire--6 DAYS AGO? ""Firefighters slam Trump's illogical tweet about out-of-control California fires""  #CampFire #CampFireSmoke #CampFireAirQuality #ParadiseCA #MalibuFire",2018-11-17 23:45:18
"""Over there, that's where Peterson forgot to rake his yard. And over THERE, where the fire actually STARTED, that's a (fkn) ""NATIONAL"" forest. AKA: FEDERAL land."" #CampFire #Paradise #Chico #Trump #JerryBrown #CaliforniaWildFires ",2018-11-17 23:45:15
#CampFire Evacuation Order Reduced to Warning 11.17.18 ,2018-11-17 23:45:15
"Trump tours California wildfire devastation, blames everything but climate change  via @thinkprogress",2018-11-17 23:45:14
CaseyGerry is proud to partner with the Tosdal Law Firm in representing Retired Chief Kirk Trostle and his wife Patty Garrison. ,2018-11-17 23:45:12
"""...ya gotta sweep...sweep the floors...the floors of the forest...look at other countries who take care...""Proving once again, #DotardDonnie needs the #25thAmendmentNow!!!! #Heinous #Heartless #Brainless #CampFire #TheResistance",2018-11-17 23:45:10
Queen Elizabeth sends 'thoughts and prayers' for California fire victims  ,2018-11-17 23:45:07
Emotional Video Shows Woman Reunite With #Cat Who Ran Off Into #California #Wildfire | HuffPost  #CampFire #CAfire #pets #Caturday,2018-11-17 23:45:05
#Repost @sierranevada (get_repost)„Éª„Éª„ÉªMany of you have asked if we will be brewing a fundraiser beer to support #CampFire relief efforts. The answer is a resounding ‚Äúyes.‚Äù We are proud to‚Ä¶ ,2018-11-17 23:45:02
49ers Auctioning Game-Worn Jerseys To Support Camp Fire Victims ,2018-11-17 23:45:00
Norovirus strikes shelters for California wildfire evacuees @CNN ,2018-11-17 23:44:59
"Lady Gaga may have had to abandon her Malibu home because of the wildfires, but she didn‚Äôt leave her community behind... &lt;3 ",2018-11-17 23:44:45
"Trump denies climate change which is largely responsible for the last year‚Äôs worth of forest fires: Thomas Fire, Holiday Fire, Camp Fire, Woolsey Fire!!!",2018-11-17 23:44:45
"@ActionNewsNow So thankful for strong leadership, especially in times of need #CampFire",2018-11-17 23:44:33
Brian is like...‚Äùyou wanna do what?!‚Äù üòÇ obviously trying to sneak in some fun things amidst heavy hearts. Can‚Äôt wait to see everyone tomorrow for our #CampFire Ride @teamridestudios! If‚Ä¶ ,2018-11-17 23:44:32
"The #CampFire missing persons list now up to just over 1,000. May include multiple reported missing persons, according to @ButteSheriff. List:  #LiveOnK2 ",2018-11-17 23:44:30
"@ChristusPatriot Since American people can‚Äôt get immediate assistance during this #CampFire , THERE BETTER NOT BE ONE MF MIGRANT INVADER LOSER THAT GETS HELPED! I don‚Äôt give a shit about their ‚Äúplight,‚Äù we‚Äôve got to help AMERICANS! #SaturdayThoughts",2018-11-17 23:44:22
"@RegiByler @RealJamesWoods you're not serious, right? Camp Fire was named after it's origin AT CAMP CREEK ROAD in Butte County",2018-11-17 23:44:21
@WasteManagement Dane Ray Cummings is a hero!!,2018-11-17 23:44:15
So AMAZING to see Air Force One. Thank you ‚Å¶@realDonaldTrump‚Å© @POTUS for coming to CA. #WoolseyFire #CampFire #Qanon #(((+))) ,2018-11-17 23:44:08
#CampFire Pets... if you are looking for your missing pet here is a thread. ,2018-11-17 23:44:07
"@yayitsrob Yes, the Era of Kludges. AKA grassroots activism. Here in NorCal, we are laboring under the smokey blanket of gloom cast by the #campfire catastrophe. And we are having success convincing local governments to declare a #climateemergency in their communities. @350action",2018-11-17 23:44:05
"The Woolsey Fire , Camp Fire And Hill Fire Consumed Thousands Of Acres In California Forcing Tens Of Thousands Of People From their homes. The Redcross Is On The Ground Providing Shelter And Emotional Support For Evacuees Text CAWILDFIRES To 90999 To Make A $10 Donation. ",2018-11-17 23:43:54
"#TrafficAlert: U.S. Highway 101 in @CountyVentura is now closed 3.1 miles south of Oxnard at Wood Road. Plus, there are five other fire-related state highway closures. #WoolseyFire #CampFire #CAWildfires ",2018-11-17 23:43:53
@PressSec @realDonaldTrump @JerryBrownGov @GavinNewsom @GOPLeader Have #POTUS and #GoverorBrown killed each other yet or are they getting along ok? #CampFire #CaliforniaFires #Drought #PrayForCalifornia,2018-11-17 23:43:52
#LASD Happening Now #WoolseyFire Re-Population Meeting underway. All agencies¬†an‚Ä¶  ,2018-11-17 23:43:48
"She had to evacuate from the #CampFire but she couldn't find her cats, Coco and Pebbles. Lots of people are doing heroic work to save burned pets. By @AngelaFritz  on @PostHealthSci ",2018-11-17 23:43:48
"@blkahn A proeminent Climate ScientistMakes a Prophecy""Smoke and ‚ÄòFire and Fury the World Has Never Seen‚Äô""Declares a Miraculous solution""Forest management""Both The Prophet and The Believers are ignorant of the causes that amplified #CampFire#Paradisefire #WoolseyFire Armageddon",2018-11-17 23:43:46
President Trump Addresses Media &amp; Surveys Damage From California Fire 11/17/18 ,2018-11-17 23:43:42
"Help us support those displaced by the Camp Fore, Woolsey Fire and Hill Fire. They have requested underwear for Chico. #ParadiseFire #WoolseyFire #CampFire #HillFire ",2018-11-17 23:43:39
"A proeminent Climate ScientistMakes a Prophecy""Smoke and ‚ÄòFire and Fury the World Has Never Seen‚Äô""Declares a Miraculous solution""Forest management""Both The Prophet and The Believers are ignorant of the causes that amplified #CampFire#Paradisefire #WoolseyFire Armageddon ",2018-11-17 23:43:38
Home after a week covering #Woolseyfire. My last story from scene: Some folks risked it all to save the neighborhood ,2018-11-17 23:43:13
"CNN: As the fire neared, this 93-year-old knew she had to get out. Then her garbageman showed up..via @GoogleNews",2018-11-17 23:43:09
"#Reunion #CampFire #FoundHorse #LostHorse #CAFirePetsReunions are happening. One of our volunteers named Janet posted this mini horse on the CA Wildfire Pets Lost Livestock page and within a day, a friend of the... ",2018-11-17 23:43:06
Thank you @POTUS for visiting the #CampFire disaster. Your continued support of the #SoCalFires will be immense with the ThousandOaks suffering. #TOStrong ,2018-11-17 23:42:52
@PressSec @realDonaldTrump @JerryBrownGov @GavinNewsom @GOPLeader You want to help California fire all the politicians and you take the state over MAGAüá∫üá∏üëç,2018-11-17 23:42:50
Dog found 'protecting the only house left on the block' after Camp Fire in Paradise - USA TODAY ,2018-11-17 23:42:42
The current air situation in the Bay Area: ,2018-11-17 23:42:41
"California wildfires: Made homeless by flames, evacuees face hardship, disease and desperation ",2018-11-17 23:42:36
"@myserenity69 @realDonaldTrump A proeminent Climate ScientistMakes a Prophecy""Smoke and ‚ÄòFire and Fury the World Has Never Seen‚Äô""Declares a Miraculous solution""Forest management""Both The Prophet and The Believers are ignorant of the causes that amplified #CampFire#Paradisefire #WoolseyFire Armageddon",2018-11-17 23:42:23
Surviving the Camp Fire was hard enough. Now these animals have to find their humans. ,2018-11-17 23:42:14
California Wildfires Pets - Photo Album of #Found Other Pets #CampFire  ,2018-11-17 23:42:14
@bjorn_igar @Kris_Sacrebleu The Camp Fire area is mostly republican. NPR interviewed survivors camping in Walmart parking lot and they were pretty excited he was coming. One woman was upset because her signed MAGA hat was lost when her house burned to the ground.,2018-11-17 23:42:07
"@JerryBrownGov Great job schmoozing the MOFO-in-Chief and getting the disaster relief money these people so desperately need. You can always burn the jacket later, Jerry.#CampFire #Paradise #Chico #Trump #JerryBrown ",2018-11-17 23:41:52
Nothing like another big buck coming in close on public land when the camera is put away!¬∑¬∑¬∑#whitetaildeer #deerslam #campfire #sickforit #hunting #hunt #elkhunting #elk #bowhunting #hunthard #publicland... ,2018-11-17 23:41:48
"Teams search for 1,000 missing in Camp Fire, as 1000s more seek¬†shelter ",2018-11-17 23:41:33
Victims of the Camp fire have mixed feelings about the president's visit to California ,2018-11-17 23:41:29
Residents in the Messilla Valley and Lower Clark can return to their property at 3:30 p.m. today.  The public can return to these areas at 5:00 p.m. today.  Full details below. #CampFire ,2018-11-17 23:41:16
"California fire smoke on the approach to SMF (@ Sacramento International Airport - @sacintlairport in Sacramento, CA)  ",2018-11-17 23:41:13
This tweet is meant for #campfire but also puts #Maria into perspective. More U.S. citizens died because of Maria than in the 9/11 attack... ,2018-11-17 23:41:05
Donald Trump says California fire hasn't changed his opinion on climate change  ,2018-11-17 23:40:57
"I know it's the ultimate in ""inane statements"" but these #CampFire stories are absolutely heartrending and all the more since they could be us, our parents, our family and friends. ",2018-11-17 23:40:56
#ClimateChange Creates Conditions That Allow for Disasters Like the Camp Fire ,2018-11-17 23:40:50
California Fires: President Donald Trump Tours Camp Fire‚Äôs Damage  #frontpage #usnews #californiadrought,2018-11-17 23:40:50
"When Guy Fieri shows up, you know the disaster is serious - my life in the Camp Fire ",2018-11-17 23:40:37
Way to go Guy! The master of Flavortown treated first responders of California's wildfires to dinner! #GuyFieri #choosekindness #giveback #food ,2018-11-17 23:40:31
"Camp Fire changed her life forever. Now, she feels like giving up @CNN ",2018-11-17 23:40:24
For all the mask faces in SF ,2018-11-17 23:40:20
"@RealJamesWoods This is a very late &amp; probably a really dumb/uninformed question...but does the #CampFire fires in CA mean that this deviation was caused by irresponsible campers &amp; the handling of their camp/bon fires, etc?",2018-11-17 23:40:12
"""1,000 people are listed as missing from the Camp Fire in Northern California""  ",2018-11-17 23:40:07
Trump says California fire hasn't changed his opinion on climate change  via @ABCNews,2018-11-17 23:40:07
Way to go Guy! The master of Flavortown treated first responders of California's wildfires to dinner! #GuyFieri #choosekindness #giveback #food ,2018-11-17 23:40:05
Small business owners work regardless. Find a small box and support. I bet the Owner is there working when the Team is taking care of their health...just like this small business!  Put your money with a community business that authentically cares. #oakland #campfire #n95 ,2018-11-17 23:39:59
@TheSpiritJuice It's increasingly looking like that may be the case: ,2018-11-17 23:39:49
"@PressSec @realDonaldTrump @JerryBrownGov @GavinNewsom @GOPLeader How about ending PG&amp;E?? This isn't their first fire! And do NOT even dare pass their costs onto consumers. They need to be over.How about getting ""environmentalists"" to STFU about brush &amp; trees?? How about prioritizing human life?THEY ARE MURDERERS!#CampFire #Paradise",2018-11-17 23:39:47
"Pretty sure they'd rather you sent a few quid. Considering you're the largest private land owner in the world yet still leech off the working poor &amp; struggling.""Queen Elizabeth sends 'thoughts and prayers' for California fire victims""  ",2018-11-17 23:39:45
#CampFire all aircraft off of the fire due to smoke conditions. ,2018-11-17 23:39:44
"Trump tours California wildfire devastation, blames everything but climate change  via @thinkprogress",2018-11-17 23:39:40
See Paradise before and after Camp Fire ,2018-11-17 23:39:39
Way to go Guy! The master of Flavortown treated first responders of California's wildfires to dinner! ,2018-11-17 23:39:35
"@santamonicamoe Hi, Maureen! The people who have been impacted by the Camp Fire are in need of the services and care that a dedicated shelter can provide. That‚Äôs why we‚Äôre cooperating with the County and other local organizations to ensure they benefit from that transition.",2018-11-17 23:39:33
Camp Fire - Messilla Valley and Lower Clark Evacuation Order Reduced to Warning 11.17.18 #campfire #buttecounty @ButteSheriff @CountyofButte  @paradise_ca @chicofd @chicopolice @CHP_Valley @CHP_Oroville @CHP_Chico ,2018-11-17 23:39:31
Help me reach my goal on my online @SalvationArmyUS #RedKettle fundraising page as I raise money for the families who lost their homes #WoolseyFire ,2018-11-17 23:39:27
Way to go Guy! The master of Flavortown treated first responders of California's wildfires to dinner! ,2018-11-17 23:39:27
"As the fire got closer, this 93-year-old knew she had to get out. Then her garbageman showed up. - CNN  #CampFire",2018-11-17 23:39:22
He should have stayed home. ,2018-11-17 23:39:19
Way to go Guy! The master of Flavortown treated first responders of California's wildfires to dinner! ,2018-11-17 23:39:08
"The Trump/Brown/Newsom Camp Fire presser today was just what I thought it would be: Trump delivered rambling platitudes about federal funding (which he randomly threatened to cut last week) and ‚Äúsafe forests‚Äù (?!), while Brown and Newsom choked back the desire to throttle him.",2018-11-17 23:39:07
@RogueSNRadvisor His hair did not catch fire. But his pants were a 3 alarm blaze üî•üî•üî•#CampFire  #ParadiseFire #CaliforniaFires,2018-11-17 23:39:06
This is what we precisely need to prevent future fires! #CampFire ,2018-11-17 23:39:04
Camp Fire Survivors Are Now Refugees In Their Own Country ,2018-11-17 23:39:01
"Trump is all about forest management, ignoring #climatechange that scientists say drives bigger and more dangerous #wildfires. ‚ÄúYou gotta take care of the floors. You know the floors of the forest, very important.‚Äù #CampFire #California  ",2018-11-17 23:38:59
California fire: Why did some Paradise homes burn and others survive? A Cal Fire team sifts through the ruins to find out ,2018-11-17 23:38:44
"@VernaPolitics @mattblaze @hughhewitt Even here in SoCal. We had our own fires racing across the landscape, so the local news stations never broke for NoCal update s and rarely mentioned the Camp fire. I think the SoCal fires got ink because they burned celebs mansions and it was the same area as the mass shooting.",2018-11-17 23:38:44
@BrunettiPatrick @WhiteHouse @realDonaldTrump It wasn't started by a camp fire. A power line is rumored to have started this,2018-11-17 23:38:40
"These unclaimed animals were rescued from the Camp Fire and brought to UC Davis for veterinary care. Maybe someone here will spot their pet, or the pet of a friend/family member. ",2018-11-17 23:38:36
What Started the California Fires? Experts Track the Blazes‚Äô Origins ,2018-11-17 23:38:32
"ICYMI: George Avalos report from Thursday on CPUC president reassuring #PGE stockholders of utility‚Äôs solvency after #CampFire, stock soars ",2018-11-17 23:38:32
For the 10th time.... Morpheus unplug me! OR if the aliens see this......probe away..!#UnfitForOffice #impeachtrump #CampFire #Enough,2018-11-17 23:38:29
#CampFire To donate to the Camp Fire Relief Fund through the North Valley Community Foundation:,2018-11-17 23:38:29
@SenFeinstein #Fema@SenFeinstein @femaregion9 #CampFire  #Paradise#ParadiseTentCity Please Senator PLEASE... These at risk older adults need housing now..Why haven't these been brought to fire victims?,2018-11-17 23:38:25
"Donald Trump is still talking about raking the forest floor! ( in the California fire zone) The man is immune to learning or expert advice , UNFIT BY ANY STANDARD!",2018-11-17 23:38:25
"@TrueFactsStated @JamesGreenBronx 71 dead, 1011 Americans unacounted for in the ""Camp Fire"" alone.We constatntly notice @realDonaldTrump's fundamental lack of empathy &amp; absence of understanding normal human perception, response.Whether it be obsenities or paper towels. #TrumpSociopath",2018-11-17 23:38:25
"Today I learned that Sierra's father, Rick was in Malibu helping friends save their homes while their home had already been lost.From #ThousandOaks to #Malibu, that's the kind of people who live in the @SantaMonicaMtns #WoolseyFire ",2018-11-17 23:38:24
Death toll from Camp fire in Paradise rises; hundreds still missing - Los Angeles Times ,2018-11-17 23:38:22
"‚Å¶@KQEDnews‚Å© ‚Å¶@CalReportTweets‚Å© Oakland, pulling up to Fruitvale station about 11:30 a.m. this morning. ‚Å¶@AirDistrict‚Å© #CampFire #CampFireSmoke ",2018-11-17 23:38:18
"Help California first responders who have lost everything in the Camp Fire. KEEN will match a total of up to $15,000 in donations. Click here to donate: üì∑: @haywoodsullivan ",2018-11-17 23:38:10
"@thehill ""OK  Everyone get a rake and get to work.  I have to go now""#RakeAmericaGreatAgain  #RakeTheForest  #wildfire  #CampFire  #Trump",2018-11-17 23:38:07
They got out. But they can't go back.  via @HuffPost,2018-11-17 23:38:07
@ProudResister @realDonaldTrump My son was victimized by gun violence and the Camp Fire in the week - I‚Äôve never been so repulsed by someone‚Äôs existence (much less presence in our state) as I am today.,2018-11-17 23:38:07
How to fight California's wildfires? It's an 'all of the above' response ,2018-11-17 23:38:04
Fallout from Camp Fire: Air quality in Bay Area at dangerous levels ,2018-11-17 23:38:01
This is what it‚Äôs all about. #WoolseyFire ,2018-11-17 23:37:55
"Easiest half marathon ever and didn‚Äôt need to break a sweat...#CampFire smoke led to cancellation of 2018 @BerkeleyHalf Marathon. This will always be a special race as it‚Äôs where I completed my first ever half marathon, back in 2015! #running #berkeley ",2018-11-17 23:37:53
@Cal @UCBerkeley @berkeleyscience In hope Cal &amp; Stanford do some kind of drive at Big Game to help the victims of the Camp Fire.,2018-11-17 23:37:47
@CNN Is it seriously called ‚ÄúCamp Fire‚Äù?,2018-11-17 23:37:45
"Displaying an unworldly level of ignorance, arrogance and idiocy ‚Äî Trump tours California wildfire devastation, and blames everything but climate change: ""We've got to take care of the floors, you know the floors of the forest, very important""  #AMJoy",2018-11-17 23:37:40
#CampFire all aircraft off of the fire due to smoke conditions.,2018-11-17 23:37:39
"@engineco16 ""All aircraft off the fire"" 2330Z #CampFire",2018-11-17 23:37:36
‚ÄúThere‚Äôs fire like crazy. ... we are in hell.‚Äù Dramatic video shows the fear and shock of one family trying to escape the deadly Camp Fire in Northern California.  ,2018-11-17 23:37:22
"Finland doesn‚Äôt have the Santa Ana winds and high temperatures that fuel the California wildfires. Someone tell him that, please. My God, he is insufferable. ‚ÄúTrump tours California wildfire devastation, blames everything but climate change‚Äù ",2018-11-17 23:37:18
"See the remains of #paramountranch after the #WoolseyFire - and find out how YOU can help the land recover:  - @SantaMonicaMtns, @MRCAParks, @SamoFund, @CAStateParks ",2018-11-17 23:37:13
"@realDonaldTrump @GOPLeader @RepLaMalfa @KenCalvert @fema The fact is that Northern California's Butte County, which has been ravaged by the Camp Fire, had been heavily logged in previous years",2018-11-17 23:37:11
oh my #ParadiseFire #CampFireJamesWoods #CampFire #Paradisepets #WoolseyFire #HillFire #CAfirepets ,2018-11-17 23:37:05
#CaliforniaFires #CampFire #Donations Does anyone know of a relief foundation that is collecting clothing for plus size women? My Mother recently passed and I may be able to donate a considerably large wardrobe There is also a need for these garments locally so...,2018-11-17 23:36:55
I'm raising money for Home for Camp Fire Victims. Click to Donate:   via @gofundme,2018-11-17 23:36:49
.@KimKardashian thanks for speaking out against SoCal Edison's role in the #Woolseyfire @SCE makes mistakes. Watch  Navy Admiral Len Hering (ret) blast their beachfront storage of 3.6  million lbs of nuclear waste ONLY 50 miles south of LA.,2018-11-17 23:36:48
"@stevesilberman So why would you cut  forest service funds? How much do we taxpayers pay to keep migrant children in cages? Someone just give Trump a hamburger, fries &amp; a bucket of double-fried chicken to go. Make sure he eats it all.#CampFire #ParadiseFire #TrumpLiesMatter",2018-11-17 23:36:46
'Very sad to see': Trump visits Paradise lost by California fire ,2018-11-17 23:36:41
'He can kiss my red ass': California fire evacuees give Trump visit short shrift ,2018-11-17 23:36:37
Curious as to why @MichaelDTubbs + the city of #StocktonCA is donating $$ to #RedCross when RC has a LONG history of mismanaging funds (SEE: Haiti) + is NOT providing much needed #DirectAid or services to #CampFire fams?!Can this $ be diverted elsewhere?,2018-11-17 23:36:33
"SB 901 must be re-examined and/or repealed. It is unacceptable that the perpetrators of these disasters that cost lives, homes, businesses and the security of CA would be shielded from paying the consequential BILLIONS. #sb901 #repeal  ",2018-11-17 23:36:28
"I‚Äôm proud to say this is my high school friend, Chris Horner. Him and his wife have taken the Paradise Bobcats football team under their wing. The Camp Fire has destroyed the town of Paradise, CA. I have many friends that have lost everything. ",2018-11-17 23:36:28
"‚≠ïAs temporary housing in CHICO, California: For the hundreds if not thousands that need shelter as Winter is fast approaching, are THEY going to build a Temporary Housing Barracks like camp or what?@CBSSacramento @ABC10 @kcranews @SacNewsReview @sacbee_news #CampFire‚ùì‚ô•‚ùì ",2018-11-17 23:36:27
Wildfire evacuees at camp in Walmart parking lot given deadline to leave ,2018-11-17 23:36:13
"@LouiseMensch Defensible space is needed too, at least 50' of it around structures. BUT all prevention is only effective depending on kind of fire. Sounds like the Camp fire was a catastrophic combo, superheated by wind. Hard to get ahead of embers being blown a half-mile in front of fireline.",2018-11-17 23:36:11
"After trading barbs all year, Newsom and Trump meet at California fire zone  ",2018-11-17 23:36:05
"You said it: ""A government that cannot protect its citizens is illegitimate.""California #CampFire: 71 dead, over a thousand missing, and tens of thousands displaced, with over 12000 structures and homes destroyed. ",2018-11-17 23:36:04
"California wildfires have already claimed 66 lives, with another 631 still missing - ABC News - ",2018-11-17 23:36:03
Dog found 'protecting the only house left on the block' after Camp Fire in Paradise - USA TODAY ,2018-11-17 23:36:03
"63 Dead, 631 Missing in Deadliest, Most Destructive Fire in California History ",2018-11-17 23:36:00
Please keep sharing and looking for this man‚Äôs father #campfire ,2018-11-17 23:35:57
